data,campanha_id,campanha_nome,canal,objetivo,dispositivo,segmento_publico,investimento,impressoes,cliques,ctr,conversoes,receita,cpc,cpa,roas
2025-01-01,C001,Google Search - Marca,Google Ads,leads,Mobile,Interesses,83.66,591,23,0.0389,2,0.0,3.64,41.83,0.0
2025-01-01,C005,Google Display - Tráfego,Google Ads,trafego,Mobile,Busca ativa,31.64,492,20,0.0407,0,0.0,1.58,,0.0
2025-01-02,C001,Google Search - Marca,Google Ads,leads,Mobile,Geral,82.39,575,20,0.0348,1,0.0,4.12,82.39,0.0
2025-01-02,C005,Google Display - Tráfego,Google Ads,trafego,Mobile,Lookalike,40.05,574,22,0.0383,0,0.0,1.82,,0.0
2025-01-03,C001,Google Search - Marca,Google Ads,leads,Mobile,Remarketing,91.2,492,20,0.0407,1,0.0,4.56,91.2,0.0
2025-01-03,C005,Google Display - Tráfego,Google Ads,trafego,Desktop,Lookalike,38.92,1067,32,0.03,0,0.0,1.22,,0.0
2025-01-04,C001,Google Search - Marca,Google Ads,leads,Mobile,Interesses,52.97,290,10,0.0345,1,0.0,5.3,52.97,0.0
2025-01-04,C005,Google Display - Tráfego,Google Ads,trafego,Mobile,Lookalike,23.79,327,14,0.0428,0,0.0,1.7,,0.0
2025-01-05,C001,Google Search - Marca,Google Ads,leads,Mobile,Interesses,73.94,525,17,0.0324,1,0.0,4.35,73.94,0.0
2025-01-05,C005,Google Display - Tráfego,Google Ads,trafego,Mobile,Busca ativa,32.89,615,17,0.0276,0,0.0,1.93,,0.0
2025-01-06,C001,Google Search - Marca,Google Ads,leads,Mobile,Remarketing,89.31,395,18,0.0456,1,0.0,4.96,89.31,0.0
2025-01-06,C005,Google Display - Tráfego,Google Ads,trafego,Desktop,Interesses,36.92,551,20,0.0363,0,0.0,1.85,,0.0
2025-01-07,C001,Google Search - Marca,Google Ads,leads,Mobile,Lookalike,74.52,373,15,0.0402,1,0.0,4.97,74.52,0.0
2025-01-07,C005,Google Display - Tráfego,Google Ads,trafego,Mobile,Busca ativa,40.74,610,26,0.0426,0,0.0,1.57,,0.0
2025-01-08,C001,Google Search - Marca,Google Ads,leads,Desktop,Lookalike,93.99,486,18,0.037,1,0.0,5.22,93.99,0.0
2025-01-08,C005,Google Display - Tráfego,Google Ads,trafego,Desktop,Interesses,38.05,707,28,0.0396,0,0.0,1.36,,0.0
2025-01-09,C001,Google Search - Marca,Google Ads,leads,Mobile,Geral,87.87,492,19,0.0386,1,0.0,4.62,87.87,0.0
2025-01-09,C005,Google Display - Tráfego,Google Ads,trafego,Mobile,Interesses,41.54,662,24,0.0363,0,0.0,1.73,,0.0
2025-01-10,C001,Google Search - Marca,Google Ads,leads,Mobile,Remarketing,90.83,676,18,0.0266,1,0.0,5.05,90.83,0.0
2025-01-10,C005,Google Display - Tráfego,Google Ads,trafego,Desktop,Remarketing,44.27,994,33,0.0332,0,0.0,1.34,,0.0
2025-01-11,C001,Google Search - Marca,Google Ads,leads,Mobile,Geral,59.48,337,14,0.0415,1,0.0,4.25,59.48,0.0
2025-01-11,C005,Google Display - Tráfego,Google Ads,trafego,Mobile,Geral,36.43,741,27,0.0364,0,0.0,1.35,,0.0
2025-01-12,C001,Google Search - Marca,Google Ads,leads,Mobile,Interesses,62.92,380,14,0.0368,1,0.0,4.49,62.92,0.0
2025-01-12,C005,Google Display - Tráfego,Google Ads,trafego,Desktop,Remarketing,34.93,650,20,0.0308,0,0.0,1.75,,0.0
2025-01-13,C001,Google Search - Marca,Google Ads,leads,Desktop,Remarketing,84.27,551,21,0.0381,1,0.0,4.01,84.27,0.0
2025-01-13,C005,Google Display - Tráfego,Google Ads,trafego,Mobile,Lookalike,45.7,853,23,0.027,0,0.0,1.99,,0.0
2025-01-14,C001,Google Search - Marca,Google Ads,leads,Mobile,Lookalike,77.12,466,16,0.0343,1,0.0,4.82,77.12,0.0
2025-01-14,C005,Google Display - Tráfego,Google Ads,trafego,Mobile,Remarketing,44.31,524,23,0.0439,0,0.0,1.93,,0.0
2025-01-15,C001,Google Search - Marca,Google Ads,leads,Mobile,Lookalike,92.09,563,18,0.032,1,0.0,5.12,92.09,0.0
2025-01-15,C003,Meta - Remarketing Vendas,Meta Ads,vendas,Desktop,Lookalike,50.4,3049,43,0.0141,1,148.76,1.17,50.4,2.95
2025-01-15,C005,Google Display - Tráfego,Google Ads,trafego,Mobile,Lookalike,39.58,751,25,0.0333,0,0.0,1.58,,0.0
2025-01-16,C001,Google Search - Marca,Google Ads,leads,Mobile,Remarketing,85.22,697,25,0.0359,1,0.0,3.41,85.22,0.0
2025-01-16,C003,Meta - Remarketing Vendas,Meta Ads,vendas,Desktop,Interesses,60.17,3992,45,0.0113,1,109.48,1.34,60.17,1.82
2025-01-16,C005,Google Display - Tráfego,Google Ads,trafego,Mobile,Lookalike,42.64,511,16,0.0313,0,0.0,2.66,,0.0
2025-01-17,C001,Google Search - Marca,Google Ads,leads,Mobile,Busca ativa,97.33,546,20,0.0366,1,0.0,4.87,97.33,0.0
2025-01-17,C003,Meta - Remarketing Vendas,Meta Ads,vendas,Mobile,Geral,56.8,2840,46,0.0162,1,175.38,1.23,56.8,3.09
2025-01-17,C005,Google Display - Tráfego,Google Ads,trafego,Mobile,Lookalike,54.9,573,26,0.0454,0,0.0,2.11,,0.0
2025-01-18,C001,Google Search - Marca,Google Ads,leads,Desktop,Busca ativa,51.05,601,16,0.0266,1,0.0,3.19,51.05,0.0
2025-01-18,C003,Meta - Remarketing Vendas,Meta Ads,vendas,Desktop,Busca ativa,45.58,3580,44,0.0123,1,192.69,1.04,45.58,4.23
2025-01-18,C005,Google Display - Tráfego,Google Ads,trafego,Desktop,Lookalike,38.3,790,32,0.0405,0,0.0,1.2,,0.0
2025-01-19,C001,Google Search - Marca,Google Ads,leads,Desktop,Busca ativa,59.25,354,14,0.0395,1,0.0,4.23,59.25,0.0
2025-01-19,C003,Meta - Remarketing Vendas,Meta Ads,vendas,Mobile,Lookalike,29.69,1896,24,0.0127,1,107.32,1.24,29.69,3.61
2025-01-19,C005,Google Display - Tráfego,Google Ads,trafego,Mobile,Busca ativa,37.6,827,25,0.0302,0,0.0,1.5,,0.0
2025-01-20,C001,Google Search - Marca,Google Ads,leads,Mobile,Interesses,88.82,766,24,0.0313,2,0.0,3.7,44.41,0.0
2025-01-20,C003,Meta - Remarketing Vendas,Meta Ads,vendas,Mobile,Busca ativa,55.44,4769,54,0.0113,1,133.86,1.03,55.44,2.41
2025-01-20,C005,Google Display - Tráfego,Google Ads,trafego,Mobile,Geral,33.09,411,16,0.0389,0,0.0,2.07,,0.0
2025-01-21,C001,Google Search - Marca,Google Ads,leads,Desktop,Interesses,97.8,701,21,0.03,1,0.0,4.66,97.8,0.0
2025-01-21,C003,Meta - Remarketing Vendas,Meta Ads,vendas,Desktop,Interesses,47.96,3231,35,0.0108,1,173.64,1.37,47.96,3.62
2025-01-21,C005,Google Display - Tráfego,Google Ads,trafego,Desktop,Remarketing,44.08,772,23,0.0298,0,0.0,1.92,,0.0
2025-01-22,C001,Google Search - Marca,Google Ads,leads,Mobile,Busca ativa,95.14,516,21,0.0407,1,0.0,4.53,95.14,0.0
2025-01-22,C003,Meta - Remarketing Vendas,Meta Ads,vendas,Mobile,Interesses,49.23,6443,60,0.0093,2,247.58,0.82,24.62,5.03
2025-01-22,C005,Google Display - Tráfego,Google Ads,trafego,Desktop,Busca ativa,59.91,1169,33,0.0282,0,0.0,1.82,,0.0
2025-01-23,C001,Google Search - Marca,Google Ads,leads,Mobile,Busca ativa,94.47,508,20,0.0394,1,0.0,4.72,94.47,0.0
2025-01-23,C003,Meta - Remarketing Vendas,Meta Ads,vendas,Mobile,Busca ativa,73.2,7705,93,0.0121,2,315.59,0.79,36.6,4.31
2025-01-23,C005,Google Display - Tráfego,Google Ads,trafego,Mobile,Busca ativa,51.01,780,23,0.0295,0,0.0,2.22,,0.0
2025-01-24,C001,Google Search - Marca,Google Ads,leads,Mobile,Remarketing,75.59,677,19,0.0281,1,0.0,3.98,75.59,0.0
2025-01-24,C003,Meta - Remarketing Vendas,Meta Ads,vendas,Mobile,Remarketing,35.43,1866,28,0.015,1,191.69,1.27,35.43,5.41
2025-01-24,C005,Google Display - Tráfego,Google Ads,trafego,Mobile,Geral,44.18,563,19,0.0337,0,0.0,2.33,,0.0
2025-01-25,C001,Google Search - Marca,Google Ads,leads,Desktop,Remarketing,75.52,711,18,0.0253,1,0.0,4.2,75.52,0.0
2025-01-25,C003,Meta - Remarketing Vendas,Meta Ads,vendas,Desktop,Geral,37.53,4467,57,0.0128,2,268.86,0.66,18.76,7.16
2025-01-25,C005,Google Display - Tráfego,Google Ads,trafego,Mobile,Busca ativa,43.08,818,24,0.0293,0,0.0,1.8,,0.0
2025-01-26,C001,Google Search - Marca,Google Ads,leads,Mobile,Remarketing,89.49,378,13,0.0344,1,0.0,6.88,89.49,0.0
2025-01-26,C003,Meta - Remarketing Vendas,Meta Ads,vendas,Mobile,Lookalike,37.78,2765,35,0.0127,1,227.13,1.08,37.78,6.01
2025-01-26,C005,Google Display - Tráfego,Google Ads,trafego,Desktop,Interesses,32.4,429,14,0.0326,0,0.0,2.31,,0.0
2025-01-27,C001,Google Search - Marca,Google Ads,leads,Mobile,Lookalike,95.32,826,25,0.0303,1,0.0,3.81,95.32,0.0
2025-01-27,C003,Meta - Remarketing Vendas,Meta Ads,vendas,Desktop,Remarketing,71.6,4175,49,0.0117,1,156.18,1.46,71.6,2.18
2025-01-27,C005,Google Display - Tráfego,Google Ads,trafego,Mobile,Remarketing,51.69,708,25,0.0353,0,0.0,2.07,,0.0
2025-01-28,C001,Google Search - Marca,Google Ads,leads,Desktop,Geral,93.57,773,21,0.0272,1,0.0,4.46,93.57,0.0
2025-01-28,C003,Meta - Remarketing Vendas,Meta Ads,vendas,Mobile,Busca ativa,56.22,4182,48,0.0115,1,115.11,1.17,56.22,2.05
2025-01-28,C005,Google Display - Tráfego,Google Ads,trafego,Mobile,Remarketing,39.49,682,22,0.0323,0,0.0,1.8,,0.0
2025-01-29,C001,Google Search - Marca,Google Ads,leads,Desktop,Geral,90.39,459,15,0.0327,1,0.0,6.03,90.39,0.0
2025-01-29,C003,Meta - Remarketing Vendas,Meta Ads,vendas,Mobile,Lookalike,44.68,3868,39,0.0101,1,162.51,1.15,44.68,3.64
2025-01-29,C005,Google Display - Tráfego,Google Ads,trafego,Mobile,Lookalike,47.71,1104,27,0.0245,0,0.0,1.77,,0.0
2025-01-30,C001,Google Search - Marca,Google Ads,leads,Desktop,Lookalike,77.64,474,20,0.0422,1,0.0,3.88,77.64,0.0
2025-01-30,C003,Meta - Remarketing Vendas,Meta Ads,vendas,Desktop,Lookalike,60.79,5470,69,0.0126,2,308.07,0.88,30.4,5.07
2025-01-30,C005,Google Display - Tráfego,Google Ads,trafego,Tablet,Lookalike,46.32,667,23,0.0345,0,0.0,2.01,,0.0
2025-01-31,C001,Google Search - Marca,Google Ads,leads,Mobile,Geral,78.15,445,15,0.0337,1,0.0,5.21,78.15,0.0
2025-01-31,C003,Meta - Remarketing Vendas,Meta Ads,vendas,Mobile,Lookalike,64.34,6079,63,0.0104,2,309.09,1.02,32.17,4.8
2025-01-31,C005,Google Display - Tráfego,Google Ads,trafego,Desktop,Geral,35.97,521,14,0.0269,0,0.0,2.57,,0.0
2025-02-01,C001,Google Search - Marca,Google Ads,leads,Desktop,Geral,71.98,695,18,0.0259,1,0.0,4.0,71.98,0.0
2025-02-01,C002,Google Search - Genérico,Google Ads,leads,Desktop,Interesses,47.23,339,11,0.0324,1,0.0,4.29,47.23,0.0
2025-02-01,C003,Meta - Remarketing Vendas,Meta Ads,vendas,Desktop,Busca ativa,46.74,1900,29,0.0153,1,183.17,1.61,46.74,3.92
2025-02-01,C005,Google Display - Tráfego,Google Ads,trafego,Tablet,Interesses,30.53,463,15,0.0324,0,0.0,2.04,,0.0
2025-02-02,C001,Google Search - Marca,Google Ads,leads,Mobile,Remarketing,82.98,579,18,0.0311,1,0.0,4.61,82.98,0.0
2025-02-02,C002,Google Search - Genérico,Google Ads,leads,Desktop,Interesses,57.71,291,10,0.0344,1,0.0,5.77,57.71,0.0
2025-02-02,C003,Meta - Remarketing Vendas,Meta Ads,vendas,Mobile,Busca ativa,38.8,4288,41,0.0096,1,125.25,0.95,38.8,3.23
2025-02-02,C005,Google Display - Tráfego,Google Ads,trafego,Desktop,Busca ativa,34.89,772,26,0.0337,0,0.0,1.34,,0.0
2025-02-03,C001,Google Search - Marca,Google Ads,leads,Mobile,Busca ativa,83.44,447,15,0.0336,1,0.0,5.56,83.44,0.0
2025-02-03,C002,Google Search - Genérico,Google Ads,leads,Mobile,Interesses,62.45,348,12,0.0345,1,0.0,5.2,62.45,0.0
2025-02-03,C003,Meta - Remarketing Vendas,Meta Ads,vendas,Mobile,Remarketing,49.39,2464,26,0.0106,1,121.71,1.9,49.39,2.46
2025-02-03,C005,Google Display - Tráfego,Google Ads,trafego,Desktop,Remarketing,43.89,1582,40,0.0253,0,0.0,1.1,,0.0
2025-02-04,C001,Google Search - Marca,Google Ads,leads,Mobile,Busca ativa,72.11,561,22,0.0392,2,0.0,3.28,36.06,0.0
2025-02-04,C002,Google Search - Genérico,Google Ads,leads,Desktop,Busca ativa,67.75,411,15,0.0365,1,0.0,4.52,67.75,0.0
2025-02-04,C003,Meta - Remarketing Vendas,Meta Ads,vendas,Mobile,Busca ativa,59.94,5844,68,0.0116,1,245.81,0.88,59.94,4.1
2025-02-04,C005,Google Display - Tráfego,Google Ads,trafego,Mobile,Geral,39.54,870,23,0.0264,0,0.0,1.72,,0.0
2025-02-05,C001,Google Search - Marca,Google Ads,leads,Tablet,Remarketing,106.94,1143,31,0.0271,2,0.0,3.45,53.47,0.0
2025-02-05,C002,Google Search - Genérico,Google Ads,leads,Desktop,Busca ativa,66.03,452,19,0.042,1,0.0,3.48,66.03,0.0
2025-02-05,C003,Meta - Remarketing Vendas,Meta Ads,vendas,Tablet,Interesses,58.28,9911,95,0.0096,3,703.74,0.61,19.43,12.08
2025-02-05,C005,Google Display - Tráfego,Google Ads,trafego,Mobile,Lookalike,38.98,770,26,0.0338,0,0.0,1.5,,0.0
2025-02-06,C001,Google Search - Marca,Google Ads,leads,Mobile,Remarketing,86.99,610,20,0.0328,2,0.0,4.35,43.5,0.0
2025-02-06,C002,Google Search - Genérico,Google Ads,leads,Mobile,Lookalike,53.19,432,15,0.0347,1,0.0,3.55,53.19,0.0
2025-02-06,C003,Meta - Remarketing Vendas,Meta Ads,vendas,Desktop,Interesses,60.1,4988,42,0.0084,1,192.32,1.43,60.1,3.2
2025-02-06,C005,Google Display - Tráfego,Google Ads,trafego,Mobile,Remarketing,47.42,902,27,0.0299,0,0.0,1.76,,0.0
2025-02-07,C001,Google Search - Marca,Google Ads,leads,Mobile,Busca ativa,59.8,478,13,0.0272,1,0.0,4.6,59.8,0.0
2025-02-07,C002,Google Search - Genérico,Google Ads,leads,Desktop,Lookalike,66.91,384,14,0.0365,1,0.0,4.78,66.91,0.0
2025-02-07,C003,Meta - Remarketing Vendas,Meta Ads,vendas,Mobile,Interesses,41.52,3483,37,0.0106,1,154.64,1.12,41.52,3.72
2025-02-07,C005,Google Display - Tráfego,Google Ads,trafego,Mobile,Lookalike,43.7,1070,29,0.0271,0,0.0,1.51,,0.0
2025-02-08,C001,Google Search - Marca,Google Ads,leads,Mobile,Interesses,61.01,443,11,0.0248,1,0.0,5.55,61.01,0.0
2025-02-08,C002,Google Search - Genérico,Google Ads,leads,Mobile,Busca ativa,45.54,522,18,0.0345,1,0.0,2.53,45.54,0.0
2025-02-08,C003,Meta - Remarketing Vendas,Meta Ads,vendas,Desktop,Busca ativa,45.95,3923,41,0.0105,1,93.56,1.12,45.95,2.04
2025-02-08,C005,Google Display - Tráfego,Google Ads,trafego,Desktop,Geral,34.31,576,18,0.0312,0,0.0,1.91,,0.0
2025-02-09,C001,Google Search - Marca,Google Ads,leads,Tablet,Geral,59.04,394,14,0.0355,1,0.0,4.22,59.04,0.0
2025-02-09,C002,Google Search - Genérico,Google Ads,leads,Desktop,Geral,50.05,327,12,0.0367,1,0.0,4.17,50.05,0.0
2025-02-09,C003,Meta - Remarketing Vendas,Meta Ads,vendas,Mobile,Lookalike,43.04,2835,36,0.0127,1,91.18,1.2,43.04,2.12
2025-02-09,C005,Google Display - Tráfego,Google Ads,trafego,Mobile,Interesses,31.35,438,14,0.032,0,0.0,2.24,,0.0
2025-02-10,C001,Google Search - Marca,Google Ads,leads,Mobile,Geral,82.16,706,21,0.0297,1,0.0,3.91,82.16,0.0
2025-02-10,C002,Google Search - Genérico,Google Ads,leads,Mobile,Geral,74.95,498,19,0.0382,1,0.0,3.94,74.95,0.0
2025-02-10,C003,Meta - Remarketing Vendas,Meta Ads,vendas,Mobile,Lookalike,58.74,4438,54,0.0122,2,403.56,1.09,29.37,6.87
2025-02-10,C005,Google Display - Tráfego,Google Ads,trafego,Desktop,Interesses,43.61,823,28,0.034,0,0.0,1.56,,0.0
2025-02-11,C001,Google Search - Marca,Google Ads,leads,Desktop,Remarketing,84.44,426,18,0.0423,2,0.0,4.69,42.22,0.0
2025-02-11,C002,Google Search - Genérico,Google Ads,leads,Desktop,Interesses,72.68,532,16,0.0301,1,0.0,4.54,72.68,0.0
2025-02-11,C003,Meta - Remarketing Vendas,Meta Ads,vendas,Mobile,Geral,39.07,2146,28,0.013,1,140.42,1.4,39.07,3.59
2025-02-11,C005,Google Display - Tráfego,Google Ads,trafego,Mobile,Busca ativa,38.87,635,24,0.0378,0,0.0,1.62,,0.0
2025-02-12,C001,Google Search - Marca,Google Ads,leads,Mobile,Lookalike,78.94,897,25,0.0279,2,0.0,3.16,39.47,0.0
2025-02-12,C002,Google Search - Genérico,Google Ads,leads,Desktop,Lookalike,71.64,555,20,0.036,1,0.0,3.58,71.64,0.0
2025-02-12,C003,Meta - Remarketing Vendas,Meta Ads,vendas,Mobile,Interesses,70.27,6686,71,0.0106,3,547.75,0.99,23.42,7.79
2025-02-12,C005,Google Display - Tráfego,Google Ads,trafego,Mobile,Busca ativa,31.43,923,21,0.0228,0,0.0,1.5,,0.0
2025-02-13,C001,Google Search - Marca,Google Ads,leads,Desktop,Geral,73.66,975,29,0.0297,1,0.0,2.54,73.66,0.0
2025-02-13,C002,Google Search - Genérico,Google Ads,leads,Mobile,Busca ativa,91.15,680,28,0.0412,2,0.0,3.26,45.58,0.0
2025-02-13,C003,Meta - Remarketing Vendas,Meta Ads,vendas,Desktop,Geral,60.27,4054,45,0.0111,1,168.36,1.34,60.27,2.79
2025-02-13,C005,Google Display - Tráfego,Google Ads,trafego,Mobile,Interesses,30.63,515,14,0.0272,0,0.0,2.19,,0.0
2025-02-14,C001,Google Search - Marca,Google Ads,leads,Desktop,Lookalike,107.65,1023,27,0.0264,2,0.0,3.99,53.82,0.0
2025-02-14,C002,Google Search - Genérico,Google Ads,leads,Desktop,Lookalike,68.28,426,14,0.0329,1,0.0,4.88,68.28,0.0
2025-02-14,C003,Meta - Remarketing Vendas,Meta Ads,vendas,Mobile,Lookalike,51.52,3479,43,0.0124,1,121.04,1.2,51.52,2.35
2025-02-14,C005,Google Display - Tráfego,Google Ads,trafego,Desktop,Remarketing,36.59,621,21,0.0338,0,0.0,1.74,,0.0
2025-02-15,C001,Google Search - Marca,Google Ads,leads,Mobile,Interesses,79.16,949,24,0.0253,2,0.0,3.3,39.58,0.0
2025-02-15,C002,Google Search - Genérico,Google Ads,leads,Desktop,Geral,45.71,355,10,0.0282,1,0.0,4.57,45.71,0.0
2025-02-15,C003,Meta - Remarketing Vendas,Meta Ads,vendas,Desktop,Geral,42.37,4388,45,0.0103,2,302.26,0.94,21.18,7.13
2025-02-15,C005,Google Display - Tráfego,Google Ads,trafego,Mobile,Busca ativa,29.35,686,22,0.0321,0,0.0,1.33,,0.0
2025-02-16,C001,Google Search - Marca,Google Ads,leads,Mobile,Geral,48.94,378,12,0.0317,1,0.0,4.08,48.94,0.0
2025-02-16,C002,Google Search - Genérico,Google Ads,leads,Tablet,Lookalike,50.26,431,12,0.0278,1,0.0,4.19,50.26,0.0
2025-02-16,C003,Meta - Remarketing Vendas,Meta Ads,vendas,Mobile,Lookalike,46.16,3600,35,0.0097,1,226.97,1.32,46.16,4.92
2025-02-16,C005,Google Display - Tráfego,Google Ads,trafego,Mobile,Lookalike,33.07,518,17,0.0328,0,0.0,1.95,,0.0
2025-02-17,C001,Google Search - Marca,Google Ads,leads,Mobile,Remarketing,87.46,635,18,0.0283,1,0.0,4.86,87.46,0.0
2025-02-17,C002,Google Search - Genérico,Google Ads,leads,Tablet,Remarketing,70.41,253,12,0.0474,1,0.0,5.87,70.41,0.0
2025-02-17,C003,Meta - Remarketing Vendas,Meta Ads,vendas,Desktop,Remarketing,43.93,3535,32,0.0091,1,226.08,1.37,43.93,5.15
2025-02-17,C005,Google Display - Tráfego,Google Ads,trafego,Mobile,Lookalike,41.79,598,20,0.0334,0,0.0,2.09,,0.0
2025-02-18,C001,Google Search - Marca,Google Ads,leads,Mobile,Interesses,74.74,581,18,0.031,1,0.0,4.15,74.74,0.0
2025-02-18,C002,Google Search - Genérico,Google Ads,leads,Desktop,Lookalike,70.84,452,16,0.0354,1,0.0,4.43,70.84,0.0
2025-02-18,C003,Meta - Remarketing Vendas,Meta Ads,vendas,Desktop,Remarketing,53.48,3832,39,0.0102,1,219.24,1.37,53.48,4.1
2025-02-18,C005,Google Display - Tráfego,Google Ads,trafego,Mobile,Lookalike,41.2,602,21,0.0349,0,0.0,1.96,,0.0
2025-02-19,C001,Google Search - Marca,Google Ads,leads,Desktop,Busca ativa,78.48,532,16,0.0301,1,0.0,4.9,78.48,0.0
2025-02-19,C002,Google Search - Genérico,Google Ads,leads,Mobile,Busca ativa,54.18,468,17,0.0363,1,0.0,3.19,54.18,0.0
2025-02-19,C003,Meta - Remarketing Vendas,Meta Ads,vendas,Mobile,Busca ativa,49.75,5983,54,0.009,1,212.84,0.92,49.75,4.28
2025-02-19,C005,Google Display - Tráfego,Google Ads,trafego,Mobile,Interesses,37.94,1078,34,0.0315,0,0.0,1.12,,0.0
2025-02-20,C001,Google Search - Marca,Google Ads,leads,Mobile,Lookalike,79.5,460,18,0.0391,2,0.0,4.42,39.75,0.0
2025-02-20,C002,Google Search - Genérico,Google Ads,leads,Tablet,Remarketing,68.82,384,13,0.0339,1,0.0,5.29,68.82,0.0
2025-02-20,C003,Meta - Remarketing Vendas,Meta Ads,vendas,Mobile,Lookalike,41.14,2310,30,0.013,1,184.57,1.37,41.14,4.49
2025-02-20,C005,Google Display - Tráfego,Google Ads,trafego,Mobile,Remarketing,45.64,781,19,0.0243,0,0.0,2.4,,0.0
2025-02-21,C001,Google Search - Marca,Google Ads,leads,Mobile,Remarketing,62.58,357,11,0.0308,1,0.0,5.69,62.58,0.0
2025-02-21,C002,Google Search - Genérico,Google Ads,leads,Mobile,Interesses,85.18,451,17,0.0377,1,0.0,5.01,85.18,0.0
2025-02-21,C003,Meta - Remarketing Vendas,Meta Ads,vendas,Mobile,Geral,56.13,5370,59,0.011,1,204.43,0.95,56.13,3.64
2025-02-21,C005,Google Display - Tráfego,Google Ads,trafego,Desktop,Geral,34.78,575,21,0.0365,0,0.0,1.66,,0.0
2025-02-22,C001,Google Search - Marca,Google Ads,leads,Desktop,Busca ativa,63.53,528,13,0.0246,1,0.0,4.89,63.53,0.0
2025-02-22,C002,Google Search - Genérico,Google Ads,leads,Desktop,Busca ativa,56.48,311,11,0.0354,0,0.0,5.13,,0.0
2025-02-22,C003,Meta - Remarketing Vendas,Meta Ads,vendas,Mobile,Interesses,33.3,4801,49,0.0102,1,110.2,0.68,33.3,3.31
2025-02-22,C005,Google Display - Tráfego,Google Ads,trafego,Desktop,Interesses,21.71,541,12,0.0222,0,0.0,1.81,,0.0
2025-02-23,C001,Google Search - Marca,Google Ads,leads,Desktop,Busca ativa,52.81,424,12,0.0283,1,0.0,4.4,52.81,0.0
2025-02-23,C002,Google Search - Genérico,Google Ads,leads,Desktop,Geral,45.58,217,8,0.0369,1,0.0,5.7,45.58,0.0
2025-02-23,C003,Meta - Remarketing Vendas,Meta Ads,vendas,Mobile,Lookalike,37.1,4015,39,0.0097,1,207.13,0.95,37.1,5.58
2025-02-23,C005,Google Display - Tráfego,Google Ads,trafego,Desktop,Lookalike,26.29,597,17,0.0285,0,0.0,1.55,,0.0
2025-02-24,C001,Google Search - Marca,Google Ads,leads,Mobile,Interesses,44.86,332,10,0.0301,1,0.0,4.49,44.86,0.0
2025-02-24,C002,Google Search - Genérico,Google Ads,leads,Mobile,Lookalike,57.07,393,13,0.0331,1,0.0,4.39,57.07,0.0
2025-02-24,C003,Meta - Remarketing Vendas,Meta Ads,vendas,Tablet,Geral,43.41,3335,36,0.0108,1,199.6,1.21,43.41,4.6
2025-02-24,C005,Google Display - Tráfego,Google Ads,trafego,Mobile,Interesses,22.11,500,15,0.03,0,0.0,1.47,,0.0
2025-02-25,C001,Google Search - Marca,Google Ads,leads,Mobile,Interesses,75.84,578,13,0.0225,1,0.0,5.83,75.84,0.0
2025-02-25,C002,Google Search - Genérico,Google Ads,leads,Mobile,Remarketing,72.59,577,20,0.0347,1,0.0,3.63,72.59,0.0
2025-02-25,C003,Meta - Remarketing Vendas,Meta Ads,vendas,Mobile,Busca ativa,56.05,7096,42,0.0059,2,85.71,1.33,28.02,1.53
2025-02-25,C005,Google Display - Tráfego,Google Ads,trafego,Desktop,Remarketing,34.49,746,21,0.0282,0,0.0,1.64,,0.0
2025-02-26,C001,Google Search - Marca,Google Ads,leads,Desktop,Geral,71.0,723,20,0.0277,2,0.0,3.55,35.5,0.0
2025-02-26,C002,Google Search - Genérico,Google Ads,leads,Mobile,Remarketing,66.43,483,15,0.0311,1,0.0,4.43,66.43,0.0
2025-02-26,C003,Meta - Remarketing Vendas,Meta Ads,vendas,Mobile,Interesses,49.11,6615,58,0.0088,2,187.06,0.85,24.56,3.81
2025-02-26,C005,Google Display - Tráfego,Google Ads,trafego,Mobile,Geral,35.49,529,19,0.0359,0,0.0,1.87,,0.0
2025-02-27,C001,Google Search - Marca,Google Ads,leads,Desktop,Interesses,83.64,464,17,0.0366,1,0.0,4.92,83.64,0.0
2025-02-27,C002,Google Search - Genérico,Google Ads,leads,Mobile,Remarketing,47.11,419,13,0.031,1,0.0,3.62,47.11,0.0
2025-02-27,C003,Meta - Remarketing Vendas,Meta Ads,vendas,Mobile,Lookalike,50.62,5767,55,0.0095,1,218.98,0.92,50.62,4.33
2025-02-27,C005,Google Display - Tráfego,Google Ads,trafego,Mobile,Geral,35.2,725,20,0.0276,0,0.0,1.76,,0.0
2025-02-28,C001,Google Search - Marca,Google Ads,leads,Mobile,Interesses,67.41,579,15,0.0259,1,0.0,4.49,67.41,0.0
2025-02-28,C002,Google Search - Genérico,Google Ads,leads,Mobile,Interesses,66.86,370,12,0.0324,1,0.0,5.57,66.86,0.0
2025-02-28,C003,Meta - Remarketing Vendas,Meta Ads,vendas,Mobile,Lookalike,47.46,3859,48,0.0124,1,252.19,0.99,47.46,5.31
2025-02-28,C005,Google Display - Tráfego,Google Ads,trafego,Mobile,Lookalike,36.49,791,19,0.024,0,0.0,1.92,,0.0
2025-03-01,C001,Google Search - Marca,Google Ads,leads,Mobile,Busca ativa,51.04,281,9,0.032,1,0.0,5.67,51.04,0.0
2025-03-01,C002,Google Search - Genérico,Google Ads,leads,Desktop,Busca ativa,64.47,1203,27,0.0224,1,0.0,2.39,64.47,0.0
2025-03-01,C003,Meta - Remarketing Vendas,Meta Ads,vendas,Desktop,Busca ativa,30.96,3285,30,0.0091,1,184.27,1.03,30.96,5.95
2025-03-01,C004,Meta - Prospecção Vendas,Meta Ads,vendas,Mobile,Interesses,68.41,5978,62,0.0104,2,438.09,1.1,34.2,6.4
2025-03-01,C005,Google Display - Tráfego,Google Ads,trafego,Mobile,Geral,23.22,333,10,0.03,0,0.0,2.32,,0.0
2025-03-02,C001,Google Search - Marca,Google Ads,leads,Mobile,Interesses,39.9,380,9,0.0237,0,0.0,4.43,,0.0
2025-03-02,C002,Google Search - Genérico,Google Ads,leads,Desktop,Remarketing,56.35,365,11,0.0301,1,0.0,5.12,56.35,0.0
2025-03-02,C003,Meta - Remarketing Vendas,Meta Ads,vendas,Mobile,Geral,34.99,5013,46,0.0092,1,140.8,0.76,34.99,4.02
2025-03-02,C004,Meta - Prospecção Vendas,Meta Ads,vendas,Desktop,Busca ativa,60.98,3413,38,0.0111,1,134.9,1.6,60.98,2.21
2025-03-02,C005,Google Display - Tráfego,Google Ads,trafego,Mobile,Busca ativa,24.86,615,14,0.0228,0,0.0,1.78,,0.0
2025-03-03,C001,Google Search - Marca,Google Ads,leads,Mobile,Busca ativa,61.96,592,17,0.0287,1,0.0,3.64,61.96,0.0
2025-03-03,C002,Google Search - Genérico,Google Ads,leads,Mobile,Lookalike,77.58,549,16,0.0291,1,0.0,4.85,77.58,0.0
2025-03-03,C003,Meta - Remarketing Vendas,Meta Ads,vendas,Desktop,Remarketing,49.37,5158,39,0.0076,1,189.69,1.27,49.37,3.84
2025-03-03,C004,Meta - Prospecção Vendas,Meta Ads,vendas,Mobile,Lookalike,98.49,3814,55,0.0144,1,174.28,1.79,98.49,1.77
2025-03-03,C005,Google Display - Tráfego,Google Ads,trafego,Mobile,Interesses,35.05,1312,37,0.0282,0,0.0,0.95,,0.0
2025-03-04,C001,Google Search - Marca,Google Ads,leads,Mobile,Busca ativa,72.1,418,13,0.0311,0,0.0,5.55,,0.0
2025-03-04,C002,Google Search - Genérico,Google Ads,leads,Mobile,Interesses,67.47,598,12,0.0201,0,0.0,5.62,,0.0
2025-03-04,C003,Meta - Remarketing Vendas,Meta Ads,vendas,Mobile,Interesses,39.7,3736,35,0.0094,1,151.18,1.13,39.7,3.81
2025-03-04,C004,Meta - Prospecção Vendas,Meta Ads,vendas,Desktop,Lookalike,118.89,5815,80,0.0138,2,287.49,1.49,59.44,2.42
2025-03-04,C005,Google Display - Tráfego,Google Ads,trafego,Mobile,Lookalike,30.25,592,15,0.0253,0,0.0,2.02,,0.0
2025-03-05,C001,Google Search - Marca,Google Ads,leads,Mobile,Busca ativa,72.85,612,12,0.0196,1,0.0,6.07,72.85,0.0
2025-03-05,C002,Google Search - Genérico,Google Ads,leads,Desktop,Busca ativa,64.53,779,21,0.027,1,0.0,3.07,64.53,0.0
2025-03-05,C003,Meta - Remarketing Vendas,Meta Ads,vendas,Mobile,Busca ativa,46.23,4098,45,0.011,1,176.01,1.03,46.23,3.81
2025-03-05,C004,Meta - Prospecção Vendas,Meta Ads,vendas,Mobile,Lookalike,87.7,6095,68,0.0112,1,154.27,1.29,87.7,1.76
2025-03-05,C005,Google Display - Tráfego,Google Ads,trafego,Mobile,Geral,24.66,633,18,0.0284,0,0.0,1.37,,0.0
2025-03-06,C001,Google Search - Marca,Google Ads,leads,Desktop,Lookalike,52.14,302,9,0.0298,1,0.0,5.79,52.14,0.0
2025-03-06,C002,Google Search - Genérico,Google Ads,leads,Mobile,Busca ativa,84.71,704,21,0.0298,1,0.0,4.03,84.71,0.0
2025-03-06,C003,Meta - Remarketing Vendas,Meta Ads,vendas,Desktop,Interesses,45.76,3957,41,0.0104,2,239.37,1.12,22.88,5.23
2025-03-06,C004,Meta - Prospecção Vendas,Meta Ads,vendas,Tablet,Interesses,115.2,6844,90,0.0132,3,371.87,1.28,38.4,3.23
2025-03-06,C005,Google Display - Tráfego,Google Ads,trafego,Mobile,Lookalike,27.95,602,14,0.0233,0,0.0,2.0,,0.0
2025-03-07,C001,Google Search - Marca,Google Ads,leads,Mobile,Busca ativa,79.11,583,17,0.0292,1,0.0,4.65,79.11,0.0
2025-03-07,C002,Google Search - Genérico,Google Ads,leads,Mobile,Lookalike,56.34,544,13,0.0239,1,0.0,4.33,56.34,0.0
2025-03-07,C003,Meta - Remarketing Vendas,Meta Ads,vendas,Desktop,Remarketing,33.62,2149,27,0.0126,1,187.68,1.25,33.62,5.58
2025-03-07,C004,Meta - Prospecção Vendas,Meta Ads,vendas,Mobile,Geral,97.61,6374,69,0.0108,2,163.4,1.41,48.8,1.67
2025-03-07,C005,Google Display - Tráfego,Google Ads,trafego,Mobile,Geral,36.23,508,15,0.0295,0,0.0,2.42,,0.0
2025-03-08,C001,Google Search - Marca,Google Ads,leads,Mobile,Busca ativa,49.92,371,11,0.0296,1,0.0,4.54,49.92,0.0
2025-03-08,C002,Google Search - Genérico,Google Ads,leads,Desktop,Geral,52.05,438,11,0.0251,1,0.0,4.73,52.05,0.0
2025-03-08,C003,Meta - Remarketing Vendas,Meta Ads,vendas,Mobile,Lookalike,33.54,3406,33,0.0097,1,145.48,1.02,33.54,4.34
2025-03-08,C004,Meta - Prospecção Vendas,Meta Ads,vendas,Mobile,Interesses,89.55,4936,63,0.0128,2,287.72,1.42,44.78,3.21
2025-03-08,C005,Google Display - Tráfego,Google Ads,trafego,Mobile,Busca ativa,21.59,566,13,0.023,0,0.0,1.66,,0.0
2025-03-09,C001,Google Search - Marca,Google Ads,leads,Mobile,Lookalike,62.34,653,16,0.0245,1,0.0,3.9,62.34,0.0
2025-03-09,C002,Google Search - Genérico,Google Ads,leads,Mobile,Remarketing,48.89,504,15,0.0298,1,0.0,3.26,48.89,0.0
2025-03-09,C003,Meta - Remarketing Vendas,Meta Ads,vendas,Desktop,Geral,27.48,1924,21,0.0109,1,223.43,1.31,27.48,8.13
2025-03-09,C004,Meta - Prospecção Vendas,Meta Ads,vendas,Mobile,Busca ativa,112.96,7800,85,0.0109,3,336.28,1.33,37.65,2.98
2025-03-09,C005,Google Display - Tráfego,Google Ads,trafego,Mobile,Remarketing,21.21,489,11,0.0225,0,0.0,1.93,,0.0
2025-03-10,C001,Google Search - Marca,Google Ads,leads,Mobile,Lookalike,68.12,382,12,0.0314,1,0.0,5.68,68.12,0.0
2025-03-10,C002,Google Search - Genérico,Google Ads,leads,Mobile,Lookalike,63.4,307,11,0.0358,1,0.0,5.76,63.4,0.0
2025-03-10,C003,Meta - Remarketing Vendas,Meta Ads,vendas,Mobile,Lookalike,47.67,4322,40,0.0093,2,319.32,1.19,23.84,6.7
2025-03-10,C004,Meta - Prospecção Vendas,Meta Ads,vendas,Mobile,Lookalike,117.0,6478,80,0.0123,2,300.81,1.46,58.5,2.57
2025-03-10,C005,Google Display - Tráfego,Google Ads,trafego,Mobile,Busca ativa,41.18,636,21,0.033,0,0.0,1.96,,0.0
2025-03-11,C001,Google Search - Marca,Google Ads,leads,Mobile,Geral,65.97,697,24,0.0344,1,0.0,2.75,65.97,0.0
2025-03-11,C002,Google Search - Genérico,Google Ads,leads,Mobile,Lookalike,83.11,899,24,0.0267,2,0.0,3.46,41.56,0.0
2025-03-11,C003,Meta - Remarketing Vendas,Meta Ads,vendas,Mobile,Remarketing,48.12,4805,38,0.0079,1,175.76,1.27,48.12,3.65
2025-03-11,C004,Meta - Prospecção Vendas,Meta Ads,vendas,Desktop,Geral,100.16,6468,92,0.0142,3,361.6,1.09,33.39,3.61
2025-03-11,C005,Google Display - Tráfego,Google Ads,trafego,Mobile,Interesses,31.92,768,19,0.0247,0,0.0,1.68,,0.0
2025-03-12,C001,Google Search - Marca,Google Ads,leads,Mobile,Remarketing,81.58,1202,27,0.0225,1,0.0,3.02,81.58,0.0
2025-03-12,C002,Google Search - Genérico,Google Ads,leads,Desktop,Remarketing,51.03,396,13,0.0328,1,0.0,3.93,51.03,0.0
2025-03-12,C003,Meta - Remarketing Vendas,Meta Ads,vendas,Desktop,Geral,48.99,4349,55,0.0126,2,359.08,0.89,24.5,7.33
2025-03-12,C004,Meta - Prospecção Vendas,Meta Ads,vendas,Mobile,Interesses,121.61,8157,91,0.0112,3,377.6,1.34,40.54,3.11
2025-03-12,C005,Google Display - Tráfego,Google Ads,trafego,Tablet,Interesses,22.13,529,16,0.0302,0,0.0,1.38,,0.0
2025-03-13,C001,Google Search - Marca,Google Ads,leads,Desktop,Lookalike,73.73,737,16,0.0217,0,0.0,4.61,,0.0
2025-03-13,C002,Google Search - Genérico,Google Ads,leads,Mobile,Lookalike,56.34,363,15,0.0413,1,0.0,3.76,56.34,0.0
2025-03-13,C003,Meta - Remarketing Vendas,Meta Ads,vendas,Mobile,Geral,45.49,4240,38,0.009,1,201.45,1.2,45.49,4.43
2025-03-13,C004,Meta - Prospecção Vendas,Meta Ads,vendas,Mobile,Geral,127.32,9124,90,0.0099,2,308.15,1.41,63.66,2.42
2025-03-13,C005,Google Display - Tráfego,Google Ads,trafego,Mobile,Geral,30.92,530,16,0.0302,0,0.0,1.93,,0.0
2025-03-14,C001,Google Search - Marca,Google Ads,leads,Mobile,Busca ativa,63.73,429,13,0.0303,1,0.0,4.9,63.73,0.0
2025-03-14,C002,Google Search - Genérico,Google Ads,leads,Mobile,Remarketing,57.9,474,13,0.0274,0,0.0,4.45,,0.0
2025-03-14,C003,Meta - Remarketing Vendas,Meta Ads,vendas,Desktop,Geral,44.95,4792,38,0.0079,1,205.43,1.18,44.95,4.57
2025-03-14,C004,Meta - Prospecção Vendas,Meta Ads,vendas,Mobile,Interesses,116.49,12842,134,0.0104,4,536.92,0.87,29.12,4.61
2025-03-14,C005,Google Display - Tráfego,Google Ads,trafego,Mobile,Busca ativa,33.11,720,27,0.0375,0,0.0,1.23,,0.0
2025-03-15,C001,Google Search - Marca,Google Ads,leads,Mobile,Geral,55.76,526,14,0.0266,1,0.0,3.98,55.76,0.0
2025-03-15,C002,Google Search - Genérico,Google Ads,leads,Desktop,Remarketing,30.74,245,9,0.0367,1,0.0,3.42,30.74,0.0
2025-03-15,C003,Meta - Remarketing Vendas,Meta Ads,vendas,Mobile,Interesses,33.85,2624,31,0.0118,1,209.68,1.09,33.85,6.19
2025-03-15,C004,Meta - Prospecção Vendas,Meta Ads,vendas,Mobile,Lookalike,84.42,8803,79,0.009,3,534.7,1.07,28.14,6.33
2025-03-15,C005,Google Display - Tráfego,Google Ads,trafego,Mobile,Busca ativa,20.03,241,9,0.0373,0,0.0,2.23,,0.0
2025-03-16,C001,Google Search - Marca,Google Ads,leads,Mobile,Geral,48.84,382,10,0.0262,1,0.0,4.88,48.84,0.0
2025-03-16,C002,Google Search - Genérico,Google Ads,leads,Mobile,Interesses,48.77,341,9,0.0264,1,0.0,5.42,48.77,0.0
2025-03-16,C003,Meta - Remarketing Vendas,Meta Ads,vendas,Mobile,Lookalike,36.23,2918,33,0.0113,1,193.26,1.1,36.23,5.33
2025-03-16,C004,Meta - Prospecção Vendas,Meta Ads,vendas,Tablet,Lookalike,88.54,6710,65,0.0097,2,291.28,1.36,44.27,3.29
2025-03-16,C005,Google Display - Tráfego,Google Ads,trafego,Mobile,Geral,17.25,386,10,0.0259,0,0.0,1.72,,0.0
2025-03-17,C001,Google Search - Marca,Google Ads,leads,Desktop,Busca ativa,56.07,1021,18,0.0176,1,0.0,3.12,56.07,0.0
2025-03-17,C002,Google Search - Genérico,Google Ads,leads,Mobile,Geral,65.72,466,13,0.0279,1,0.0,5.06,65.72,0.0
2025-03-17,C003,Meta - Remarketing Vendas,Meta Ads,vendas,Mobile,Lookalike,47.54,3341,29,0.0087,1,135.25,1.64,47.54,2.84
2025-03-17,C004,Meta - Prospecção Vendas,Meta Ads,vendas,Mobile,Geral,146.24,11658,183,0.0157,4,747.1,0.8,36.56,5.11
2025-03-17,C005,Google Display - Tráfego,Google Ads,trafego,Mobile,Remarketing,36.49,972,22,0.0226,0,0.0,1.66,,0.0
2025-03-18,C001,Google Search - Marca,Google Ads,leads,Mobile,Interesses,67.06,445,14,0.0315,1,0.0,4.79,67.06,0.0
2025-03-18,C002,Google Search - Genérico,Google Ads,leads,Mobile,Lookalike,60.78,487,13,0.0267,1,0.0,4.68,60.78,0.0
2025-03-18,C003,Meta - Remarketing Vendas,Meta Ads,vendas,Mobile,Lookalike,43.71,4315,47,0.0109,1,232.15,0.93,43.71,5.31
2025-03-18,C004,Meta - Prospecção Vendas,Meta Ads,vendas,Mobile,Busca ativa,122.34,8431,104,0.0123,3,584.59,1.18,40.78,4.78
2025-03-18,C005,Google Display - Tráfego,Google Ads,trafego,Mobile,Interesses,39.69,894,19,0.0213,0,0.0,2.09,,0.0
2025-03-19,C001,Google Search - Marca,Google Ads,leads,Desktop,Lookalike,84.87,807,19,0.0235,1,0.0,4.47,84.87,0.0
2025-03-19,C002,Google Search - Genérico,Google Ads,leads,Mobile,Remarketing,73.19,507,13,0.0256,1,0.0,5.63,73.19,0.0
2025-03-19,C003,Meta - Remarketing Vendas,Meta Ads,vendas,Desktop,Busca ativa,45.22,3773,34,0.009,1,152.88,1.33,45.22,3.38
2025-03-19,C004,Meta - Prospecção Vendas,Meta Ads,vendas,Desktop,Geral,111.39,6159,76,0.0123,3,375.23,1.47,37.13,3.37
2025-03-19,C005,Google Display - Tráfego,Google Ads,trafego,Desktop,Lookalike,39.27,638,20,0.0313,0,0.0,1.96,,0.0
2025-03-20,C001,Google Search - Marca,Google Ads,leads,Mobile,Interesses,61.61,499,15,0.0301,1,0.0,4.11,61.61,0.0
2025-03-20,C002,Google Search - Genérico,Google Ads,leads,Mobile,Busca ativa,67.95,532,15,0.0282,0,0.0,4.53,,0.0
2025-03-20,C003,Meta - Remarketing Vendas,Meta Ads,vendas,Mobile,Geral,53.76,4098,42,0.0102,1,172.22,1.28,53.76,3.2
2025-03-20,C004,Meta - Prospecção Vendas,Meta Ads,vendas,Desktop,Remarketing,103.89,5781,75,0.013,2,407.32,1.39,51.94,3.92
2025-03-20,C005,Google Display - Tráfego,Google Ads,trafego,Mobile,Lookalike,41.94,775,21,0.0271,0,0.0,2.0,,0.0
2025-03-21,C001,Google Search - Marca,Google Ads,leads,Mobile,Remarketing,60.48,458,12,0.0262,0,0.0,5.04,,0.0
2025-03-21,C002,Google Search - Genérico,Google Ads,leads,Mobile,Lookalike,66.56,417,11,0.0264,1,0.0,6.05,66.56,0.0
2025-03-21,C003,Meta - Remarketing Vendas,Meta Ads,vendas,Mobile,Lookalike,42.41,3413,32,0.0094,1,116.69,1.33,42.41,2.75
2025-03-21,C004,Meta - Prospecção Vendas,Meta Ads,vendas,Desktop,Busca ativa,118.96,8533,119,0.0139,4,618.92,1.0,29.74,5.2
2025-03-21,C005,Google Display - Tráfego,Google Ads,trafego,Desktop,Interesses,31.33,474,15,0.0316,0,0.0,2.09,,0.0
2025-03-22,C001,Google Search - Marca,Google Ads,leads,Desktop,Lookalike,49.29,537,12,0.0223,1,0.0,4.11,49.29,0.0
2025-03-22,C002,Google Search - Genérico,Google Ads,leads,Mobile,Interesses,39.07,270,8,0.0296,1,0.0,4.88,39.07,0.0
2025-03-22,C003,Meta - Remarketing Vendas,Meta Ads,vendas,Mobile,Lookalike,32.18,3760,36,0.0096,1,82.98,0.89,32.18,2.58
2025-03-22,C004,Meta - Prospecção Vendas,Meta Ads,vendas,Mobile,Remarketing,67.2,5039,50,0.0099,3,327.82,1.34,22.4,4.88
2025-03-22,C005,Google Display - Tráfego,Google Ads,trafego,Mobile,Interesses,19.1,416,11,0.0264,0,0.0,1.74,,0.0
2025-03-23,C001,Google Search - Marca,Google Ads,leads,Mobile,Busca ativa,57.41,378,12,0.0317,1,0.0,4.78,57.41,0.0
2025-03-23,C002,Google Search - Genérico,Google Ads,leads,Mobile,Busca ativa,43.32,288,8,0.0278,0,0.0,5.42,,0.0
2025-03-23,C003,Meta - Remarketing Vendas,Meta Ads,vendas,Desktop,Remarketing,33.83,3279,26,0.0079,1,226.01,1.3,33.83,6.68
2025-03-23,C004,Meta - Prospecção Vendas,Meta Ads,vendas,Mobile,Busca ativa,92.84,5214,59,0.0113,2,161.73,1.57,46.42,1.74
2025-03-23,C005,Google Display - Tráfego,Google Ads,trafego,Desktop,Lookalike,25.68,755,14,0.0185,0,0.0,1.83,,0.0
2025-03-24,C001,Google Search - Marca,Google Ads,leads,Mobile,Busca ativa,85.43,649,20,0.0308,1,0.0,4.27,85.43,0.0
2025-03-24,C002,Google Search - Genérico,Google Ads,leads,Mobile,Busca ativa,49.27,307,10,0.0326,1,0.0,4.93,49.27,0.0
2025-03-24,C003,Meta - Remarketing Vendas,Meta Ads,vendas,Desktop,Interesses,39.52,3717,38,0.0102,1,208.32,1.04,39.52,5.27
2025-03-24,C004,Meta - Prospecção Vendas,Meta Ads,vendas,Mobile,Remarketing,82.3,9038,67,0.0074,1,129.86,1.23,82.3,1.58
2025-03-24,C005,Google Display - Tráfego,Google Ads,trafego,Mobile,Lookalike,33.35,697,22,0.0316,0,0.0,1.52,,0.0
2025-03-25,C001,Google Search - Marca,Google Ads,leads,Mobile,Interesses,96.13,565,15,0.0265,1,0.0,6.41,96.13,0.0
2025-03-25,C002,Google Search - Genérico,Google Ads,leads,Mobile,Geral,52.64,411,11,0.0268,1,0.0,4.79,52.64,0.0
2025-03-25,C003,Meta - Remarketing Vendas,Meta Ads,vendas,Mobile,Geral,47.77,3667,39,0.0106,1,143.8,1.22,47.77,3.01
2025-03-25,C004,Meta - Prospecção Vendas,Meta Ads,vendas,Desktop,Geral,121.75,7602,96,0.0126,3,578.34,1.27,40.58,4.75
2025-03-25,C005,Google Display - Tráfego,Google Ads,trafego,Mobile,Geral,35.85,1073,24,0.0224,0,0.0,1.49,,0.0
2025-03-26,C001,Google Search - Marca,Google Ads,leads,Mobile,Geral,65.59,537,14,0.0261,1,0.0,4.69,65.59,0.0
2025-03-26,C002,Google Search - Genérico,Google Ads,leads,Desktop,Lookalike,68.65,492,14,0.0285,1,0.0,4.9,68.65,0.0
2025-03-26,C003,Meta - Remarketing Vendas,Meta Ads,vendas,Desktop,Geral,44.25,6616,56,0.0085,2,334.83,0.79,22.12,7.57
2025-03-26,C004,Meta - Prospecção Vendas,Meta Ads,vendas,Mobile,Remarketing,123.58,9580,100,0.0104,3,358.02,1.24,41.19,2.9
2025-03-26,C005,Google Display - Tráfego,Google Ads,trafego,Desktop,Geral,31.73,961,26,0.0271,0,0.0,1.22,,0.0
2025-03-27,C001,Google Search - Marca,Google Ads,leads,Mobile,Lookalike,52.3,618,15,0.0243,1,0.0,3.49,52.3,0.0
2025-03-27,C002,Google Search - Genérico,Google Ads,leads,Desktop,Interesses,61.24,427,13,0.0304,1,0.0,4.71,61.24,0.0
2025-03-27,C003,Meta - Remarketing Vendas,Meta Ads,vendas,Mobile,Busca ativa,51.7,6496,54,0.0083,2,395.14,0.96,25.85,7.64
2025-03-27,C004,Meta - Prospecção Vendas,Meta Ads,vendas,Mobile,Geral,112.94,10938,109,0.01,2,373.41,1.04,56.47,3.31
2025-03-27,C005,Google Display - Tráfego,Google Ads,trafego,Mobile,Geral,39.63,837,21,0.0251,0,0.0,1.89,,0.0
2025-03-28,C001,Google Search - Marca,Google Ads,leads,Mobile,Interesses,89.42,915,25,0.0273,1,0.0,3.58,89.42,0.0
2025-03-28,C002,Google Search - Genérico,Google Ads,leads,Desktop,Remarketing,70.51,434,13,0.03,1,0.0,5.42,70.51,0.0
2025-03-28,C003,Meta - Remarketing Vendas,Meta Ads,vendas,Desktop,Interesses,44.14,3760,34,0.009,1,184.84,1.3,44.14,4.19
2025-03-28,C004,Meta - Prospecção Vendas,Meta Ads,vendas,Desktop,Interesses,128.12,13791,120,0.0087,5,649.29,1.07,25.62,5.07
2025-03-28,C005,Google Display - Tráfego,Google Ads,trafego,Mobile,Geral,40.23,977,24,0.0246,0,0.0,1.68,,0.0
2025-03-29,C001,Google Search - Marca,Google Ads,leads,Mobile,Busca ativa,63.53,500,15,0.03,1,0.0,4.24,63.53,0.0
2025-03-29,C002,Google Search - Genérico,Google Ads,leads,Mobile,Interesses,41.87,360,8,0.0222,0,0.0,5.23,,0.0
2025-03-29,C003,Meta - Remarketing Vendas,Meta Ads,vendas,Mobile,Remarketing,36.03,2862,27,0.0094,1,183.05,1.33,36.03,5.08
2025-03-29,C004,Meta - Prospecção Vendas,Meta Ads,vendas,Desktop,Lookalike,85.96,5261,58,0.011,1,170.4,1.48,85.96,1.98
2025-03-29,C005,Google Display - Tráfego,Google Ads,trafego,Mobile,Interesses,24.16,393,12,0.0305,0,0.0,2.01,,0.0
2025-03-30,C001,Google Search - Marca,Google Ads,leads,Desktop,Geral,81.64,543,17,0.0313,1,0.0,4.8,81.64,0.0
2025-03-30,C002,Google Search - Genérico,Google Ads,leads,Mobile,Lookalike,34.19,401,8,0.02,1,0.0,4.27,34.19,0.0
2025-03-30,C003,Meta - Remarketing Vendas,Meta Ads,vendas,Tablet,Remarketing,43.18,4029,40,0.0099,2,368.82,1.08,21.59,8.54
2025-03-30,C004,Meta - Prospecção Vendas,Meta Ads,vendas,Mobile,Busca ativa,85.1,11089,128,0.0115,6,1254.58,0.66,14.18,14.74
2025-03-30,C005,Google Display - Tráfego,Google Ads,trafego,Mobile,Interesses,24.82,650,15,0.0231,0,0.0,1.65,,0.0
2025-03-31,C001,Google Search - Marca,Google Ads,leads,Mobile,Interesses,77.14,732,20,0.0273,1,0.0,3.86,77.14,0.0
2025-03-31,C002,Google Search - Genérico,Google Ads,leads,Mobile,Interesses,33.22,263,9,0.0342,0,0.0,3.69,,0.0
2025-03-31,C003,Meta - Remarketing Vendas,Meta Ads,vendas,Mobile,Lookalike,41.04,3909,32,0.0082,1,191.2,1.28,41.04,4.66
2025-03-31,C004,Meta - Prospecção Vendas,Meta Ads,vendas,Desktop,Geral,95.71,6881,67,0.0097,2,204.53,1.43,47.86,2.14
2025-03-31,C005,Google Display - Tráfego,Google Ads,trafego,Mobile,Remarketing,38.12,1152,24,0.0208,0,0.0,1.59,,0.0
2025-04-01,C001,Google Search - Marca,Google Ads,leads,Mobile,Interesses,87.35,572,17,0.0297,1,0.0,5.14,87.35,0.0
2025-04-01,C002,Google Search - Genérico,Google Ads,leads,Mobile,Busca ativa,43.24,309,8,0.0259,1,0.0,5.4,43.24,0.0
2025-04-01,C003,Meta - Remarketing Vendas,Meta Ads,vendas,Desktop,Geral,52.05,4999,44,0.0088,2,395.48,1.18,26.02,7.6
2025-04-01,C004,Meta - Prospecção Vendas,Meta Ads,vendas,Mobile,Geral,127.59,8116,92,0.0113,2,276.63,1.39,63.8,2.17
2025-04-01,C005,Google Display - Tráfego,Google Ads,trafego,Mobile,Interesses,41.64,516,16,0.031,0,0.0,2.6,,0.0
2025-04-01,C006,Meta - Lançamento Produto,Meta Ads,vendas,Desktop,Interesses,125.47,13292,135,0.0102,4,945.77,0.93,31.37,7.54
2025-04-02,C001,Google Search - Marca,Google Ads,leads,Desktop,Lookalike,77.09,759,14,0.0184,1,0.0,5.51,77.09,0.0
2025-04-02,C002,Google Search - Genérico,Google Ads,leads,Mobile,Geral,50.62,448,10,0.0223,1,0.0,5.06,50.62,0.0
2025-04-02,C003,Meta - Remarketing Vendas,Meta Ads,vendas,Mobile,Remarketing,39.5,3896,41,0.0105,1,185.73,0.96,39.5,4.7
2025-04-02,C004,Meta - Prospecção Vendas,Meta Ads,vendas,Desktop,Remarketing,126.41,6764,85,0.0126,2,94.54,1.49,63.2,0.75
2025-04-02,C005,Google Display - Tráfego,Google Ads,trafego,Desktop,Busca ativa,35.34,596,16,0.0268,0,0.0,2.21,,0.0
2025-04-02,C006,Meta - Lançamento Produto,Meta Ads,vendas,Mobile,Busca ativa,122.6,11950,120,0.01,3,694.56,1.02,40.87,5.67
2025-04-03,C001,Google Search - Marca,Google Ads,leads,Mobile,Interesses,63.35,383,11,0.0287,1,0.0,5.76,63.35,0.0
2025-04-03,C002,Google Search - Genérico,Google Ads,leads,Mobile,Geral,47.54,502,11,0.0219,1,0.0,4.32,47.54,0.0
2025-04-03,C003,Meta - Remarketing Vendas,Meta Ads,vendas,Mobile,Busca ativa,38.78,4315,41,0.0095,1,194.96,0.95,38.78,5.03
2025-04-03,C004,Meta - Prospecção Vendas,Meta Ads,vendas,Mobile,Remarketing,104.46,7569,102,0.0135,4,603.67,1.02,26.12,5.78
2025-04-03,C005,Google Display - Tráfego,Google Ads,trafego,Desktop,Geral,51.39,1124,28,0.0249,0,0.0,1.84,,0.0
2025-04-03,C006,Meta - Lançamento Produto,Meta Ads,vendas,Mobile,Busca ativa,83.92,5894,83,0.0141,3,406.82,1.01,27.97,4.85
2025-04-04,C001,Google Search - Marca,Google Ads,leads,Desktop,Lookalike,75.77,409,11,0.0269,1,0.0,6.89,75.77,0.0
2025-04-04,C002,Google Search - Genérico,Google Ads,leads,Mobile,Interesses,39.34,284,9,0.0317,0,0.0,4.37,,0.0
2025-04-04,C003,Meta - Remarketing Vendas,Meta Ads,vendas,Mobile,Busca ativa,49.34,5687,48,0.0084,1,238.55,1.03,49.34,4.83
2025-04-04,C004,Meta - Prospecção Vendas,Meta Ads,vendas,Desktop,Lookalike,108.23,6436,86,0.0134,3,531.68,1.26,36.08,4.91
2025-04-04,C005,Google Display - Tráfego,Google Ads,trafego,Desktop,Busca ativa,41.28,827,22,0.0266,0,0.0,1.88,,0.0
2025-04-04,C006,Meta - Lançamento Produto,Meta Ads,vendas,Mobile,Remarketing,130.88,8989,101,0.0112,2,642.78,1.3,65.44,4.91
2025-04-05,C001,Google Search - Marca,Google Ads,leads,Mobile,Busca ativa,47.85,431,11,0.0255,1,0.0,4.35,47.85,0.0
2025-04-05,C002,Google Search - Genérico,Google Ads,leads,Mobile,Interesses,43.65,299,9,0.0301,1,0.0,4.85,43.65,0.0
2025-04-05,C003,Meta - Remarketing Vendas,Meta Ads,vendas,Mobile,Geral,40.22,3097,21,0.0068,1,152.27,1.92,40.22,3.79
2025-04-05,C004,Meta - Prospecção Vendas,Meta Ads,vendas,Mobile,Remarketing,91.54,12114,81,0.0067,1,111.82,1.13,91.54,1.22
2025-04-05,C005,Google Display - Tráfego,Google Ads,trafego,Desktop,Interesses,27.08,837,19,0.0227,0,0.0,1.43,,0.0
2025-04-05,C006,Meta - Lançamento Produto,Meta Ads,vendas,Mobile,Lookalike,105.28,7844,79,0.0101,3,497.21,1.33,35.09,4.72
2025-04-06,C001,Google Search - Marca,Google Ads,leads,Mobile,Interesses,69.4,634,18,0.0284,2,0.0,3.86,34.7,0.0
2025-04-06,C002,Google Search - Genérico,Google Ads,leads,Mobile,Busca ativa,54.08,522,13,0.0249,1,0.0,4.16,54.08,0.0
2025-04-06,C003,Meta - Remarketing Vendas,Meta Ads,vendas,Desktop,Busca ativa,28.67,3366,25,0.0074,1,182.33,1.15,28.67,6.36
2025-04-06,C004,Meta - Prospecção Vendas,Meta Ads,vendas,Desktop,Lookalike,83.01,4842,67,0.0138,1,148.97,1.24,83.01,1.79
2025-04-06,C005,Google Display - Tráfego,Google Ads,trafego,Desktop,Lookalike,25.75,588,16,0.0272,0,0.0,1.61,,0.0
2025-04-06,C006,Meta - Lançamento Produto,Meta Ads,vendas,Tablet,Interesses,65.65,4911,51,0.0104,1,238.38,1.29,65.65,3.63
2025-04-07,C001,Google Search - Marca,Google Ads,leads,Mobile,Lookalike,73.58,537,13,0.0242,1,0.0,5.66,73.58,0.0
2025-04-07,C002,Google Search - Genérico,Google Ads,leads,Desktop,Interesses,47.1,343,13,0.0379,1,0.0,3.62,47.1,0.0
2025-04-07,C003,Meta - Remarketing Vendas,Meta Ads,vendas,Desktop,Remarketing,50.19,3773,45,0.0119,1,96.19,1.12,50.19,1.92
2025-04-07,C004,Meta - Prospecção Vendas,Meta Ads,vendas,Mobile,Remarketing,108.41,10291,133,0.0129,3,678.53,0.82,36.14,6.26
2025-04-07,C005,Google Display - Tráfego,Google Ads,trafego,Mobile,Remarketing,43.47,684,17,0.0249,0,0.0,2.56,,0.0
2025-04-07,C006,Meta - Lançamento Produto,Meta Ads,vendas,Desktop,Remarketing,153.86,11441,135,0.0118,5,1344.56,1.14,30.77,8.74
2025-04-08,C001,Google Search - Marca,Google Ads,leads,Mobile,Remarketing,87.32,587,18,0.0307,1,0.0,4.85,87.32,0.0
2025-04-08,C002,Google Search - Genérico,Google Ads,leads,Mobile,Lookalike,50.21,394,12,0.0305,0,0.0,4.18,,0.0
2025-04-08,C003,Meta - Remarketing Vendas,Meta Ads,vendas,Mobile,Interesses,34.34,3278,29,0.0088,1,270.49,1.18,34.34,7.88
2025-04-08,C004,Meta - Prospecção Vendas,Meta Ads,vendas,Mobile,Lookalike,123.55,9827,104,0.0106,3,463.4,1.19,41.18,3.75
2025-04-08,C005,Google Display - Tráfego,Google Ads,trafego,Desktop,Interesses,41.85,1183,23,0.0194,0,0.0,1.82,,0.0
2025-04-08,C006,Meta - Lançamento Produto,Meta Ads,vendas,Desktop,Busca ativa,134.24,8772,101,0.0115,3,847.32,1.33,44.75,6.31
2025-04-09,C001,Google Search - Marca,Google Ads,leads,Mobile,Geral,80.55,846,16,0.0189,1,0.0,5.03,80.55,0.0
2025-04-09,C002,Google Search - Genérico,Google Ads,leads,Desktop,Geral,56.53,301,9,0.0299,0,0.0,6.28,,0.0
2025-04-09,C003,Meta - Remarketing Vendas,Meta Ads,vendas,Mobile,Lookalike,40.39,4653,42,0.009,1,96.47,0.96,40.39,2.39
2025-04-09,C004,Meta - Prospecção Vendas,Meta Ads,vendas,Desktop,Busca ativa,84.7,8079,84,0.0104,2,472.47,1.01,42.35,5.58
2025-04-09,C005,Google Display - Tráfego,Google Ads,trafego,Mobile,Interesses,42.11,1081,26,0.0241,0,0.0,1.62,,0.0
2025-04-09,C006,Meta - Lançamento Produto,Meta Ads,vendas,Mobile,Busca ativa,138.82,7795,86,0.011,4,953.93,1.61,34.7,6.87
2025-04-10,C001,Google Search - Marca,Google Ads,leads,Mobile,Interesses,55.79,816,15,0.0184,1,0.0,3.72,55.79,0.0
2025-04-10,C002,Google Search - Genérico,Google Ads,leads,Mobile,Interesses,49.06,379,12,0.0317,0,0.0,4.09,,0.0
2025-04-10,C003,Meta - Remarketing Vendas,Meta Ads,vendas,Mobile,Lookalike,47.53,5223,41,0.0078,1,172.04,1.16,47.53,3.62
2025-04-10,C004,Meta - Prospecção Vendas,Meta Ads,vendas,Mobile,Geral,129.5,10209,112,0.011,2,266.47,1.16,64.75,2.06
2025-04-10,C005,Google Display - Tráfego,Google Ads,trafego,Mobile,Lookalike,46.13,1085,29,0.0267,0,0.0,1.59,,0.0
2025-04-10,C006,Meta - Lançamento Produto,Meta Ads,vendas,Desktop,Remarketing,117.08,7275,90,0.0124,4,699.64,1.3,29.27,5.98
2025-04-11,C001,Google Search - Marca,Google Ads,leads,Mobile,Busca ativa,85.36,836,20,0.0239,1,0.0,4.27,85.36,0.0
2025-04-11,C002,Google Search - Genérico,Google Ads,leads,Desktop,Remarketing,48.14,434,10,0.023,1,0.0,4.81,48.14,0.0
2025-04-11,C003,Meta - Remarketing Vendas,Meta Ads,vendas,Mobile,Interesses,55.7,5907,49,0.0083,2,414.98,1.14,27.85,7.45
2025-04-11,C004,Meta - Prospecção Vendas,Meta Ads,vendas,Mobile,Lookalike,107.6,6068,70,0.0115,3,443.36,1.54,35.87,4.12
2025-04-11,C005,Google Display - Tráfego,Google Ads,trafego,Mobile,Interesses,41.31,737,20,0.0271,0,0.0,2.07,,0.0
2025-04-11,C006,Meta - Lançamento Produto,Meta Ads,vendas,Mobile,Lookalike,154.51,11343,113,0.01,5,1372.7,1.37,30.9,8.88
2025-04-12,C001,Google Search - Marca,Google Ads,leads,Desktop,Interesses,72.84,568,15,0.0264,1,0.0,4.86,72.84,0.0
2025-04-12,C002,Google Search - Genérico,Google Ads,leads,Mobile,Busca ativa,29.64,205,6,0.0293,0,0.0,4.94,,0.0
2025-04-12,C003,Meta - Remarketing Vendas,Meta Ads,vendas,Mobile,Busca ativa,40.64,2645,28,0.0106,1,141.01,1.45,40.64,3.47
2025-04-12,C004,Meta - Prospecção Vendas,Meta Ads,vendas,Mobile,Interesses,71.71,8271,71,0.0086,3,542.19,1.01,23.9,7.56
2025-04-12,C005,Google Display - Tráfego,Google Ads,trafego,Mobile,Geral,38.41,1131,25,0.0221,0,0.0,1.54,,0.0
2025-04-12,C006,Meta - Lançamento Produto,Meta Ads,vendas,Desktop,Remarketing,102.75,6840,87,0.0127,3,496.36,1.18,34.25,4.83
2025-04-13,C001,Google Search - Marca,Google Ads,leads,Mobile,Interesses,65.82,743,16,0.0215,1,0.0,4.11,65.82,0.0
2025-04-13,C002,Google Search - Genérico,Google Ads,leads,Tablet,Interesses,40.55,283,8,0.0283,1,0.0,5.07,40.55,0.0
2025-04-13,C003,Meta - Remarketing Vendas,Meta Ads,vendas,Desktop,Busca ativa,36.18,5099,35,0.0069,1,145.42,1.03,36.18,4.02
2025-04-13,C004,Meta - Prospecção Vendas,Meta Ads,vendas,Mobile,Geral,84.46,6355,51,0.008,1,132.66,1.66,84.46,1.57
2025-04-13,C005,Google Display - Tráfego,Google Ads,trafego,Mobile,Geral,29.22,668,16,0.024,0,0.0,1.83,,0.0
2025-04-13,C006,Meta - Lançamento Produto,Meta Ads,vendas,Mobile,Geral,88.75,6163,71,0.0115,2,472.59,1.25,44.38,5.32
2025-04-14,C001,Google Search - Marca,Google Ads,leads,Mobile,Interesses,82.56,919,22,0.0239,1,0.0,3.75,82.56,0.0
2025-04-14,C002,Google Search - Genérico,Google Ads,leads,Mobile,Busca ativa,29.32,262,7,0.0267,0,0.0,4.19,,0.0
2025-04-14,C003,Meta - Remarketing Vendas,Meta Ads,vendas,Desktop,Busca ativa,43.58,5162,47,0.0091,1,206.07,0.93,43.58,4.73
2025-04-14,C004,Meta - Prospecção Vendas,Meta Ads,vendas,Desktop,Geral,117.12,8901,103,0.0116,5,683.77,1.14,23.42,5.84
2025-04-14,C005,Google Display - Tráfego,Google Ads,trafego,Tablet,Interesses,43.65,961,19,0.0198,0,0.0,2.3,,0.0
2025-04-14,C006,Meta - Lançamento Produto,Meta Ads,vendas,Mobile,Remarketing,128.8,9542,118,0.0124,2,336.99,1.09,64.4,2.62
2025-04-15,C001,Google Search - Marca,Google Ads,leads,Desktop,Busca ativa,79.62,561,15,0.0267,1,0.0,5.31,79.62,0.0
2025-04-15,C002,Google Search - Genérico,Google Ads,leads,Desktop,Geral,61.33,592,17,0.0287,1,0.0,3.61,61.33,0.0
2025-04-15,C003,Meta - Remarketing Vendas,Meta Ads,vendas,Mobile,Busca ativa,53.64,8063,57,0.0071,2,276.89,0.94,26.82,5.16
2025-04-15,C004,Meta - Prospecção Vendas,Meta Ads,vendas,Desktop,Busca ativa,114.81,11492,108,0.0094,4,656.8,1.06,28.7,5.72
2025-04-15,C005,Google Display - Tráfego,Google Ads,trafego,Tablet,Geral,41.73,1124,25,0.0222,0,0.0,1.67,,0.0
2025-04-15,C006,Meta - Lançamento Produto,Meta Ads,vendas,Tablet,Geral,99.76,4822,68,0.0141,2,450.64,1.47,49.88,4.52
2025-04-16,C001,Google Search - Marca,Google Ads,leads,Desktop,Interesses,92.94,1222,29,0.0237,2,0.0,3.2,46.47,0.0
2025-04-16,C002,Google Search - Genérico,Google Ads,leads,Mobile,Busca ativa,47.69,511,10,0.0196,1,0.0,4.77,47.69,0.0
2025-04-16,C003,Meta - Remarketing Vendas,Meta Ads,vendas,Desktop,Interesses,50.23,5701,43,0.0075,1,235.32,1.17,50.23,4.68
2025-04-16,C004,Meta - Prospecção Vendas,Meta Ads,vendas,Mobile,Lookalike,91.07,15161,128,0.0084,5,825.36,0.71,18.21,9.06
2025-04-16,C005,Google Display - Tráfego,Google Ads,trafego,Mobile,Busca ativa,42.68,837,20,0.0239,0,0.0,2.13,,0.0
2025-04-16,C006,Meta - Lançamento Produto,Meta Ads,vendas,Mobile,Busca ativa,117.26,8053,83,0.0103,2,336.07,1.41,58.63,2.87
2025-04-17,C001,Google Search - Marca,Google Ads,leads,Desktop,Busca ativa,93.37,1012,29,0.0287,2,0.0,3.22,46.68,0.0
2025-04-17,C002,Google Search - Genérico,Google Ads,leads,Mobile,Lookalike,50.78,468,10,0.0214,1,0.0,5.08,50.78,0.0
2025-04-17,C003,Meta - Remarketing Vendas,Meta Ads,vendas,Mobile,Busca ativa,58.26,5584,44,0.0079,1,146.49,1.32,58.26,2.51
2025-04-17,C004,Meta - Prospecção Vendas,Meta Ads,vendas,Mobile,Lookalike,98.11,8650,71,0.0082,2,320.47,1.38,49.06,3.27
2025-04-17,C005,Google Display - Tráfego,Google Ads,trafego,Mobile,Geral,42.39,625,20,0.032,0,0.0,2.12,,0.0
2025-04-17,C006,Meta - Lançamento Produto,Meta Ads,vendas,Desktop,Busca ativa,159.83,14926,138,0.0092,3,692.15,1.16,53.28,4.33
2025-04-18,C001,Google Search - Marca,Google Ads,leads,Mobile,Geral,58.19,748,17,0.0227,1,0.0,3.42,58.19,0.0
2025-04-18,C002,Google Search - Genérico,Google Ads,leads,Mobile,Remarketing,48.66,402,12,0.0299,1,0.0,4.06,48.66,0.0
2025-04-18,C003,Meta - Remarketing Vendas,Meta Ads,vendas,Mobile,Remarketing,60.57,7492,64,0.0085,2,145.69,0.95,30.28,2.41
2025-04-18,C004,Meta - Prospecção Vendas,Meta Ads,vendas,Mobile,Busca ativa,105.19,10719,116,0.0108,4,673.02,0.91,26.3,6.4
2025-04-18,C005,Google Display - Tráfego,Google Ads,trafego,Mobile,Interesses,49.34,1633,42,0.0257,0,0.0,1.17,,0.0
2025-04-18,C006,Meta - Lançamento Produto,Meta Ads,vendas,Mobile,Remarketing,128.76,8471,93,0.011,3,479.04,1.38,42.92,3.72
2025-04-19,C001,Google Search - Marca,Google Ads,leads,Tablet,Remarketing,89.1,1257,26,0.0207,2,0.0,3.43,44.55,0.0
2025-04-19,C002,Google Search - Genérico,Google Ads,leads,Desktop,Busca ativa,39.63,317,8,0.0252,1,0.0,4.95,39.63,0.0
2025-04-19,C003,Meta - Remarketing Vendas,Meta Ads,vendas,Mobile,Lookalike,41.0,3294,33,0.01,1,73.02,1.24,41.0,1.78
2025-04-19,C004,Meta - Prospecção Vendas,Meta Ads,vendas,Desktop,Lookalike,62.9,4355,53,0.0122,2,233.26,1.19,31.45,3.71
2025-04-19,C005,Google Display - Tráfego,Google Ads,trafego,Mobile,Busca ativa,33.15,701,17,0.0243,0,0.0,1.95,,0.0
2025-04-19,C006,Meta - Lançamento Produto,Meta Ads,vendas,Mobile,Interesses,63.67,4355,46,0.0106,1,298.85,1.38,63.67,4.69
2025-04-20,C001,Google Search - Marca,Google Ads,leads,Desktop,Geral,71.3,677,12,0.0177,0,0.0,5.94,,0.0
2025-04-20,C002,Google Search - Genérico,Google Ads,leads,Desktop,Geral,48.19,363,13,0.0358,1,0.0,3.71,48.19,0.0
2025-04-20,C003,Meta - Remarketing Vendas,Meta Ads,vendas,Desktop,Geral,40.24,3807,35,0.0092,1,207.38,1.15,40.24,5.15
2025-04-20,C004,Meta - Prospecção Vendas,Meta Ads,vendas,Mobile,Remarketing,73.3,6032,66,0.0109,2,366.67,1.11,36.65,5.0
2025-04-20,C005,Google Display - Tráfego,Google Ads,trafego,Desktop,Lookalike,38.37,1461,41,0.0281,0,0.0,0.94,,0.0
2025-04-20,C006,Meta - Lançamento Produto,Meta Ads,vendas,Mobile,Lookalike,101.08,7382,78,0.0106,1,164.55,1.3,101.08,1.63
2025-04-21,C001,Google Search - Marca,Google Ads,leads,Mobile,Remarketing,84.65,658,16,0.0243,1,0.0,5.29,84.65,0.0
2025-04-21,C002,Google Search - Genérico,Google Ads,leads,Mobile,Remarketing,53.97,503,13,0.0258,1,0.0,4.15,53.97,0.0
2025-04-21,C003,Meta - Remarketing Vendas,Meta Ads,vendas,Mobile,Interesses,49.43,5317,38,0.0071,1,220.88,1.3,49.43,4.47
2025-04-21,C004,Meta - Prospecção Vendas,Meta Ads,vendas,Mobile,Remarketing,80.74,8160,82,0.01,2,214.63,0.98,40.37,2.66
2025-04-21,C005,Google Display - Tráfego,Google Ads,trafego,Desktop,Lookalike,49.76,1180,25,0.0212,0,0.0,1.99,,0.0
2025-04-21,C006,Meta - Lançamento Produto,Meta Ads,vendas,Mobile,Interesses,139.27,9781,106,0.0108,3,894.22,1.31,46.42,6.42
2025-04-22,C001,Google Search - Marca,Google Ads,leads,Desktop,Busca ativa,109.51,1326,28,0.0211,2,0.0,3.91,54.76,0.0
2025-04-22,C002,Google Search - Genérico,Google Ads,leads,Mobile,Busca ativa,46.8,297,9,0.0303,1,0.0,5.2,46.8,0.0
2025-04-22,C003,Meta - Remarketing Vendas,Meta Ads,vendas,Mobile,Remarketing,28.92,2932,32,0.0109,1,90.71,0.9,28.92,3.14
2025-04-22,C004,Meta - Prospecção Vendas,Meta Ads,vendas,Desktop,Interesses,86.34,8603,83,0.0096,3,472.41,1.04,28.78,5.47
2025-04-22,C005,Google Display - Tráfego,Google Ads,trafego,Desktop,Lookalike,53.74,1198,25,0.0209,0,0.0,2.15,,0.0
2025-04-22,C006,Meta - Lançamento Produto,Meta Ads,vendas,Mobile,Lookalike,160.58,15233,156,0.0102,5,1050.07,1.03,32.12,6.54
2025-04-23,C001,Google Search - Marca,Google Ads,leads,Desktop,Busca ativa,98.18,1314,33,0.0251,1,0.0,2.98,98.18,0.0
2025-04-23,C002,Google Search - Genérico,Google Ads,leads,Mobile,Remarketing,52.49,608,14,0.023,0,0.0,3.75,,0.0
2025-04-23,C003,Meta - Remarketing Vendas,Meta Ads,vendas,Mobile,Lookalike,62.92,5522,50,0.0091,2,422.77,1.26,31.46,6.72
2025-04-23,C004,Meta - Prospecção Vendas,Meta Ads,vendas,Mobile,Remarketing,88.05,6965,73,0.0105,2,455.75,1.21,44.02,5.18
2025-04-23,C005,Google Display - Tráfego,Google Ads,trafego,Mobile,Busca ativa,51.05,1430,35,0.0245,0,0.0,1.46,,0.0
2025-04-23,C006,Meta - Lançamento Produto,Meta Ads,vendas,Desktop,Geral,181.28,19695,142,0.0072,5,1059.94,1.28,36.26,5.85
2025-04-24,C001,Google Search - Marca,Google Ads,leads,Mobile,Busca ativa,98.15,1392,26,0.0187,2,0.0,3.78,49.08,0.0
2025-04-24,C002,Google Search - Genérico,Google Ads,leads,Mobile,Interesses,51.59,1305,28,0.0215,2,0.0,1.84,25.8,0.0
2025-04-24,C003,Meta - Remarketing Vendas,Meta Ads,vendas,Mobile,Remarketing,62.33,8443,76,0.009,3,702.36,0.82,20.78,11.27
2025-04-24,C004,Meta - Prospecção Vendas,Meta Ads,vendas,Mobile,Lookalike,102.93,10669,82,0.0077,3,592.61,1.26,34.31,5.76
2025-04-24,C005,Google Display - Tráfego,Google Ads,trafego,Mobile,Lookalike,43.9,1266,25,0.0197,0,0.0,1.76,,0.0
2025-04-24,C006,Meta - Lançamento Produto,Meta Ads,vendas,Mobile,Interesses,143.08,10827,120,0.0111,4,726.16,1.19,35.77,5.08
2025-04-25,C001,Google Search - Marca,Google Ads,leads,Mobile,Lookalike,83.47,651,14,0.0215,1,0.0,5.96,83.47,0.0
2025-04-25,C002,Google Search - Genérico,Google Ads,leads,Mobile,Interesses,58.79,563,18,0.032,1,0.0,3.27,58.79,0.0
2025-04-25,C003,Meta - Remarketing Vendas,Meta Ads,vendas,Mobile,Busca ativa,62.45,4561,34,0.0075,1,166.22,1.84,62.45,2.66
2025-04-25,C004,Meta - Prospecção Vendas,Meta Ads,vendas,Mobile,Remarketing,66.97,6468,75,0.0116,2,216.84,0.89,33.48,3.24
2025-04-25,C005,Google Display - Tráfego,Google Ads,trafego,Desktop,Lookalike,48.38,1392,27,0.0194,0,0.0,1.79,,0.0
2025-04-25,C006,Meta - Lançamento Produto,Meta Ads,vendas,Mobile,Lookalike,200.45,17252,195,0.0113,4,864.46,1.03,50.11,4.31
2025-04-26,C001,Google Search - Marca,Google Ads,leads,Mobile,Busca ativa,73.73,837,18,0.0215,1,0.0,4.1,73.73,0.0
2025-04-26,C002,Google Search - Genérico,Google Ads,leads,Desktop,Geral,51.87,503,12,0.0239,1,0.0,4.32,51.87,0.0
2025-04-26,C003,Meta - Remarketing Vendas,Meta Ads,vendas,Mobile,Remarketing,35.88,8569,67,0.0078,2,315.61,0.54,17.94,8.8
2025-04-26,C004,Meta - Prospecção Vendas,Meta Ads,vendas,Mobile,Remarketing,61.92,5139,57,0.0111,1,116.05,1.09,61.92,1.87
2025-04-26,C005,Google Display - Tráfego,Google Ads,trafego,Desktop,Busca ativa,29.22,669,15,0.0224,0,0.0,1.95,,0.0
2025-04-26,C006,Meta - Lançamento Produto,Meta Ads,vendas,Mobile,Remarketing,119.49,7554,91,0.012,2,612.87,1.31,59.74,5.13
2025-04-27,C001,Google Search - Marca,Google Ads,leads,Mobile,Interesses,43.86,222,7,0.0315,0,0.0,6.27,,0.0
2025-04-27,C002,Google Search - Genérico,Google Ads,leads,Desktop,Busca ativa,42.02,314,10,0.0318,1,0.0,4.2,42.02,0.0
2025-04-27,C003,Meta - Remarketing Vendas,Meta Ads,vendas,Desktop,Interesses,49.75,4167,39,0.0094,1,241.6,1.28,49.75,4.86
2025-04-27,C004,Meta - Prospecção Vendas,Meta Ads,vendas,Mobile,Busca ativa,79.02,6698,76,0.0113,2,436.97,1.04,39.51,5.53
2025-04-27,C005,Google Display - Tráfego,Google Ads,trafego,Desktop,Interesses,32.4,848,14,0.0165,0,0.0,2.31,,0.0
2025-04-27,C006,Meta - Lançamento Produto,Meta Ads,vendas,Mobile,Remarketing,126.74,7320,88,0.012,2,435.92,1.44,63.37,3.44
2025-04-28,C001,Google Search - Marca,Google Ads,leads,Mobile,Lookalike,87.49,1057,20,0.0189,1,0.0,4.37,87.49,0.0
2025-04-28,C002,Google Search - Genérico,Google Ads,leads,Mobile,Busca ativa,72.92,505,15,0.0297,1,0.0,4.86,72.92,0.0
2025-04-28,C003,Meta - Remarketing Vendas,Meta Ads,vendas,Mobile,Lookalike,60.07,5924,47,0.0079,2,561.09,1.28,30.04,9.34
2025-04-28,C004,Meta - Prospecção Vendas,Meta Ads,vendas,Mobile,Remarketing,105.75,7826,101,0.0129,3,335.7,1.05,35.25,3.17
2025-04-28,C005,Google Display - Tráfego,Google Ads,trafego,Mobile,Lookalike,33.82,723,20,0.0277,0,0.0,1.69,,0.0
2025-04-28,C006,Meta - Lançamento Produto,Meta Ads,vendas,Mobile,Geral,131.98,14437,186,0.0129,5,922.74,0.71,26.4,6.99
2025-04-29,C001,Google Search - Marca,Google Ads,leads,Mobile,Interesses,70.7,473,14,0.0296,1,0.0,5.05,70.7,0.0
2025-04-29,C002,Google Search - Genérico,Google Ads,leads,Mobile,Interesses,62.14,461,12,0.026,0,0.0,5.18,,0.0
2025-04-29,C003,Meta - Remarketing Vendas,Meta Ads,vendas,Desktop,Interesses,66.82,5441,45,0.0083,1,203.25,1.48,66.82,3.04
2025-04-29,C004,Meta - Prospecção Vendas,Meta Ads,vendas,Mobile,Geral,101.39,8650,86,0.0099,3,464.83,1.18,33.8,4.58
2025-04-29,C005,Google Display - Tráfego,Google Ads,trafego,Mobile,Geral,40.88,1091,26,0.0238,0,0.0,1.57,,0.0
2025-04-29,C006,Meta - Lançamento Produto,Meta Ads,vendas,Mobile,Lookalike,144.04,20072,146,0.0073,5,1186.26,0.99,28.81,8.24
2025-04-30,C001,Google Search - Marca,Google Ads,leads,Mobile,Remarketing,99.16,1474,34,0.0231,2,0.0,2.92,49.58,0.0
2025-04-30,C002,Google Search - Genérico,Google Ads,leads,Desktop,Lookalike,43.17,299,9,0.0301,1,0.0,4.8,43.17,0.0
2025-04-30,C003,Meta - Remarketing Vendas,Meta Ads,vendas,Mobile,Interesses,68.95,5924,56,0.0095,1,110.14,1.23,68.95,1.6
2025-04-30,C004,Meta - Prospecção Vendas,Meta Ads,vendas,Mobile,Interesses,76.4,5243,61,0.0116,3,537.7,1.25,25.47,7.04
2025-04-30,C005,Google Display - Tráfego,Google Ads,trafego,Desktop,Remarketing,36.33,1111,27,0.0243,0,0.0,1.35,,0.0
2025-04-30,C006,Meta - Lançamento Produto,Meta Ads,vendas,Mobile,Lookalike,137.99,17588,163,0.0093,4,1017.23,0.85,34.5,7.37
2025-05-01,C001,Google Search - Marca,Google Ads,leads,Mobile,Lookalike,88.03,803,15,0.0187,1,0.0,5.87,88.03,0.0
2025-05-01,C002,Google Search - Genérico,Google Ads,leads,Mobile,Lookalike,57.67,386,13,0.0337,0,0.0,4.44,,0.0
2025-05-01,C003,Meta - Remarketing Vendas,Meta Ads,vendas,Mobile,Remarketing,52.56,3713,43,0.0116,2,454.45,1.22,26.28,8.65
2025-05-01,C004,Meta - Prospecção Vendas,Meta Ads,vendas,Mobile,Lookalike,77.87,7798,67,0.0086,1,162.51,1.16,77.87,2.09
2025-05-01,C006,Meta - Lançamento Produto,Meta Ads,vendas,Desktop,Geral,126.48,6610,76,0.0115,2,381.18,1.66,63.24,3.01
2025-05-02,C001,Google Search - Marca,Google Ads,leads,Desktop,Interesses,92.34,801,17,0.0212,1,0.0,5.43,92.34,0.0
2025-05-02,C002,Google Search - Genérico,Google Ads,leads,Desktop,Remarketing,64.05,500,13,0.026,1,0.0,4.93,64.05,0.0
2025-05-02,C003,Meta - Remarketing Vendas,Meta Ads,vendas,Tablet,Geral,69.59,10645,60,0.0056,2,433.06,1.16,34.8,6.22
2025-05-02,C004,Meta - Prospecção Vendas,Meta Ads,vendas,Desktop,Geral,94.97,7013,71,0.0101,2,296.8,1.34,47.48,3.13
2025-05-02,C006,Meta - Lançamento Produto,Meta Ads,vendas,Mobile,Geral,154.53,11141,118,0.0106,3,745.94,1.31,51.51,4.83
2025-05-03,C001,Google Search - Marca,Google Ads,leads,Mobile,Geral,58.01,639,14,0.0219,0,0.0,4.14,,0.0
2025-05-03,C002,Google Search - Genérico,Google Ads,leads,Mobile,Lookalike,39.95,396,8,0.0202,1,0.0,4.99,39.95,0.0
2025-05-03,C003,Meta - Remarketing Vendas,Meta Ads,vendas,Desktop,Lookalike,38.4,2770,25,0.009,1,207.97,1.54,38.4,5.42
2025-05-03,C004,Meta - Prospecção Vendas,Meta Ads,vendas,Mobile,Geral,67.87,5711,50,0.0088,2,253.23,1.36,33.94,3.73
2025-05-03,C006,Meta - Lançamento Produto,Meta Ads,vendas,Mobile,Geral,91.73,7210,99,0.0137,4,377.43,0.93,22.93,4.11
2025-05-04,C001,Google Search - Marca,Google Ads,leads,Mobile,Geral,61.46,1134,28,0.0247,2,0.0,2.19,30.73,0.0
2025-05-04,C002,Google Search - Genérico,Google Ads,leads,Mobile,Lookalike,45.78,564,12,0.0213,1,0.0,3.82,45.78,0.0
2025-05-04,C003,Meta - Remarketing Vendas,Meta Ads,vendas,Mobile,Interesses,44.23,8844,48,0.0054,1,194.58,0.92,44.23,4.4
2025-05-04,C004,Meta - Prospecção Vendas,Meta Ads,vendas,Mobile,Geral,53.27,3112,35,0.0112,1,223.96,1.52,53.27,4.2
2025-05-04,C006,Meta - Lançamento Produto,Meta Ads,vendas,Mobile,Busca ativa,92.94,7518,105,0.014,3,704.78,0.89,30.98,7.58
2025-05-05,C001,Google Search - Marca,Google Ads,leads,Mobile,Lookalike,70.89,562,13,0.0231,1,0.0,5.45,70.89,0.0
2025-05-05,C002,Google Search - Genérico,Google Ads,leads,Desktop,Lookalike,64.87,680,19,0.0279,1,0.0,3.41,64.87,0.0
2025-05-05,C003,Meta - Remarketing Vendas,Meta Ads,vendas,Mobile,Geral,70.9,9717,74,0.0076,2,587.87,0.96,35.45,8.29
2025-05-05,C004,Meta - Prospecção Vendas,Meta Ads,vendas,Desktop,Busca ativa,75.1,6580,66,0.01,2,327.92,1.14,37.55,4.37
2025-05-05,C006,Meta - Lançamento Produto,Meta Ads,vendas,Mobile,Remarketing,146.86,12793,132,0.0103,5,622.39,1.11,29.37,4.24
2025-05-06,C001,Google Search - Marca,Google Ads,leads,Desktop,Busca ativa,85.52,669,16,0.0239,1,0.0,5.34,85.52,0.0
2025-05-06,C002,Google Search - Genérico,Google Ads,leads,Mobile,Lookalike,74.9,658,16,0.0243,1,0.0,4.68,74.9,0.0
2025-05-06,C003,Meta - Remarketing Vendas,Meta Ads,vendas,Mobile,Busca ativa,67.11,8785,61,0.0069,2,260.94,1.1,33.56,3.89
2025-05-06,C004,Meta - Prospecção Vendas,Meta Ads,vendas,Mobile,Lookalike,83.63,5116,51,0.01,2,231.83,1.64,41.82,2.77
2025-05-06,C006,Meta - Lançamento Produto,Meta Ads,vendas,Mobile,Lookalike,156.85,18049,167,0.0093,4,892.56,0.94,39.21,5.69
2025-05-07,C001,Google Search - Marca,Google Ads,leads,Desktop,Lookalike,81.37,821,20,0.0244,2,0.0,4.07,40.68,0.0
2025-05-07,C002,Google Search - Genérico,Google Ads,leads,Mobile,Busca ativa,62.67,392,10,0.0255,1,0.0,6.27,62.67,0.0
2025-05-07,C003,Meta - Remarketing Vendas,Meta Ads,vendas,Mobile,Busca ativa,71.23,12667,64,0.0051,2,297.09,1.11,35.62,4.17
2025-05-07,C004,Meta - Prospecção Vendas,Meta Ads,vendas,Mobile,Busca ativa,77.25,5659,76,0.0134,2,190.73,1.02,38.62,2.47
2025-05-07,C006,Meta - Lançamento Produto,Meta Ads,vendas,Mobile,Geral,121.48,14648,127,0.0087,4,742.23,0.96,30.37,6.11
2025-05-08,C001,Google Search - Marca,Google Ads,leads,Mobile,Geral,90.43,848,21,0.0248,1,0.0,4.31,90.43,0.0
2025-05-08,C002,Google Search - Genérico,Google Ads,leads,Mobile,Lookalike,44.59,584,15,0.0257,1,0.0,2.97,44.59,0.0
2025-05-08,C003,Meta - Remarketing Vendas,Meta Ads,vendas,Desktop,Remarketing,56.75,5635,50,0.0089,1,156.73,1.14,56.75,2.76
2025-05-08,C004,Meta - Prospecção Vendas,Meta Ads,vendas,Desktop,Geral,84.35,6089,63,0.0103,2,251.64,1.34,42.18,2.98
2025-05-08,C006,Meta - Lançamento Produto,Meta Ads,vendas,Mobile,Remarketing,127.94,8660,85,0.0098,3,621.26,1.51,42.65,4.86
2025-05-09,C001,Google Search - Marca,Google Ads,leads,Mobile,Busca ativa,75.58,1681,31,0.0184,1,0.0,2.44,75.58,0.0
2025-05-09,C002,Google Search - Genérico,Google Ads,leads,Desktop,Geral,61.19,1095,22,0.0201,0,0.0,2.78,,0.0
2025-05-09,C003,Meta - Remarketing Vendas,Meta Ads,vendas,Mobile,Geral,43.59,3468,32,0.0092,1,91.76,1.36,43.59,2.11
2025-05-09,C004,Meta - Prospecção Vendas,Meta Ads,vendas,Desktop,Interesses,77.17,10103,79,0.0078,3,527.47,0.98,25.72,6.84
2025-05-09,C006,Meta - Lançamento Produto,Meta Ads,vendas,Mobile,Busca ativa,155.97,11334,134,0.0118,3,604.04,1.16,51.99,3.87
2025-05-10,C001,Google Search - Marca,Google Ads,leads,Desktop,Lookalike,61.32,799,17,0.0213,1,0.0,3.61,61.32,0.0
2025-05-10,C002,Google Search - Genérico,Google Ads,leads,Mobile,Geral,45.48,274,8,0.0292,0,0.0,5.68,,0.0
2025-05-10,C003,Meta - Remarketing Vendas,Meta Ads,vendas,Mobile,Geral,32.32,3669,25,0.0068,1,160.11,1.29,32.32,4.95
2025-05-10,C004,Meta - Prospecção Vendas,Meta Ads,vendas,Mobile,Busca ativa,64.3,6595,46,0.007,2,313.28,1.4,32.15,4.87
2025-05-10,C006,Meta - Lançamento Produto,Meta Ads,vendas,Desktop,Remarketing,99.95,6115,78,0.0128,3,750.54,1.28,33.32,7.51
2025-05-11,C001,Google Search - Marca,Google Ads,leads,Mobile,Lookalike,54.46,533,11,0.0206,1,0.0,4.95,54.46,0.0
2025-05-11,C002,Google Search - Genérico,Google Ads,leads,Desktop,Geral,53.5,427,11,0.0258,1,0.0,4.86,53.5,0.0
2025-05-11,C003,Meta - Remarketing Vendas,Meta Ads,vendas,Mobile,Interesses,46.75,4791,43,0.009,1,148.61,1.09,46.75,3.18
2025-05-11,C004,Meta - Prospecção Vendas,Meta Ads,vendas,Mobile,Remarketing,54.6,7706,65,0.0084,2,351.76,0.84,27.3,6.44
2025-05-11,C006,Meta - Lançamento Produto,Meta Ads,vendas,Desktop,Geral,84.74,7513,88,0.0117,3,410.99,0.96,28.25,4.85
2025-05-12,C001,Google Search - Marca,Google Ads,leads,Mobile,Remarketing,70.37,778,16,0.0206,1,0.0,4.4,70.37,0.0
2025-05-12,C002,Google Search - Genérico,Google Ads,leads,Desktop,Remarketing,56.32,601,11,0.0183,1,0.0,5.12,56.32,0.0
2025-05-12,C003,Meta - Remarketing Vendas,Meta Ads,vendas,Desktop,Interesses,62.07,10745,63,0.0059,2,328.09,0.99,31.04,5.29
2025-05-12,C004,Meta - Prospecção Vendas,Meta Ads,vendas,Mobile,Geral,73.12,7974,71,0.0089,1,96.67,1.03,73.12,1.32
2025-05-12,C006,Meta - Lançamento Produto,Meta Ads,vendas,Mobile,Interesses,123.97,13558,154,0.0114,5,1550.84,0.8,24.79,12.51
2025-05-13,C001,Google Search - Marca,Google Ads,leads,Mobile,Interesses,90.98,1229,22,0.0179,1,0.0,4.14,90.98,0.0
2025-05-13,C002,Google Search - Genérico,Google Ads,leads,Mobile,Busca ativa,63.66,475,12,0.0253,1,0.0,5.3,63.66,0.0
2025-05-13,C003,Meta - Remarketing Vendas,Meta Ads,vendas,Mobile,Busca ativa,49.26,5371,31,0.0058,1,229.95,1.59,49.26,4.67
2025-05-13,C004,Meta - Prospecção Vendas,Meta Ads,vendas,Desktop,Busca ativa,70.85,5525,60,0.0109,1,142.26,1.18,70.85,2.01
2025-05-13,C006,Meta - Lançamento Produto,Meta Ads,vendas,Tablet,Lookalike,115.89,10013,83,0.0083,2,454.98,1.4,57.94,3.93
2025-05-14,C001,Google Search - Marca,Google Ads,leads,Desktop,Lookalike,63.34,663,17,0.0256,1,0.0,3.73,63.34,0.0
2025-05-14,C002,Google Search - Genérico,Google Ads,leads,Mobile,Geral,48.88,494,13,0.0263,1,0.0,3.76,48.88,0.0
2025-05-14,C003,Meta - Remarketing Vendas,Meta Ads,vendas,Mobile,Lookalike,50.4,5694,48,0.0084,1,96.25,1.05,50.4,1.91
2025-05-14,C004,Meta - Prospecção Vendas,Meta Ads,vendas,Mobile,Busca ativa,81.09,6931,76,0.011,2,382.84,1.07,40.54,4.72
2025-05-14,C006,Meta - Lançamento Produto,Meta Ads,vendas,Desktop,Lookalike,103.76,9701,85,0.0088,3,633.04,1.22,34.59,6.1
2025-05-15,C001,Google Search - Marca,Google Ads,leads,Mobile,Lookalike,67.01,851,19,0.0223,1,0.0,3.53,67.01,0.0
2025-05-15,C002,Google Search - Genérico,Google Ads,leads,Desktop,Busca ativa,59.8,656,15,0.0229,1,0.0,3.99,59.8,0.0
2025-05-15,C003,Meta - Remarketing Vendas,Meta Ads,vendas,Mobile,Lookalike,52.8,4785,43,0.009,2,308.08,1.23,26.4,5.83
2025-05-15,C004,Meta - Prospecção Vendas,Meta Ads,vendas,Mobile,Busca ativa,93.27,6807,73,0.0107,2,303.09,1.28,46.64,3.25
2025-05-15,C006,Meta - Lançamento Produto,Meta Ads,vendas,Desktop,Busca ativa,121.38,11964,120,0.01,2,462.64,1.01,60.69,3.81
2025-05-16,C001,Google Search - Marca,Google Ads,leads,Mobile,Remarketing,83.34,774,18,0.0233,1,0.0,4.63,83.34,0.0
2025-05-16,C002,Google Search - Genérico,Google Ads,leads,Mobile,Remarketing,75.27,594,14,0.0236,1,0.0,5.38,75.27,0.0
2025-05-16,C003,Meta - Remarketing Vendas,Meta Ads,vendas,Desktop,Geral,71.58,9748,86,0.0088,2,369.22,0.83,35.79,5.16
2025-05-16,C004,Meta - Prospecção Vendas,Meta Ads,vendas,Mobile,Interesses,96.81,9459,101,0.0107,3,301.85,0.96,32.27,3.12
2025-05-16,C006,Meta - Lançamento Produto,Meta Ads,vendas,Desktop,Geral,108.81,10123,96,0.0095,3,690.12,1.13,36.27,6.34
2025-05-17,C001,Google Search - Marca,Google Ads,leads,Desktop,Interesses,39.36,287,7,0.0244,0,0.0,5.62,,0.0
2025-05-17,C002,Google Search - Genérico,Google Ads,leads,Tablet,Interesses,44.62,631,13,0.0206,1,0.0,3.43,44.62,0.0
2025-05-17,C003,Meta - Remarketing Vendas,Meta Ads,vendas,Mobile,Geral,35.75,3202,28,0.0087,1,183.16,1.28,35.75,5.12
2025-05-17,C004,Meta - Prospecção Vendas,Meta Ads,vendas,Mobile,Interesses,76.07,5243,49,0.0093,1,80.85,1.55,76.07,1.06
2025-05-17,C006,Meta - Lançamento Produto,Meta Ads,vendas,Mobile,Busca ativa,103.57,8253,98,0.0119,3,628.11,1.06,34.52,6.06
2025-05-18,C001,Google Search - Marca,Google Ads,leads,Desktop,Remarketing,66.95,495,11,0.0222,1,0.0,6.09,66.95,0.0
2025-05-18,C002,Google Search - Genérico,Google Ads,leads,Desktop,Lookalike,56.66,751,18,0.024,1,0.0,3.15,56.66,0.0
2025-05-18,C003,Meta - Remarketing Vendas,Meta Ads,vendas,Desktop,Busca ativa,35.61,3058,26,0.0085,1,163.08,1.37,35.61,4.58
2025-05-18,C004,Meta - Prospecção Vendas,Meta Ads,vendas,Mobile,Interesses,60.72,6809,62,0.0091,2,191.04,0.98,30.36,3.15
2025-05-18,C006,Meta - Lançamento Produto,Meta Ads,vendas,Mobile,Lookalike,77.32,6668,61,0.0091,3,769.68,1.27,25.77,9.95
2025-05-19,C001,Google Search - Marca,Google Ads,leads,Tablet,Remarketing,77.64,1035,18,0.0174,2,0.0,4.31,38.82,0.0
2025-05-19,C002,Google Search - Genérico,Google Ads,leads,Mobile,Lookalike,68.21,1090,21,0.0193,1,0.0,3.25,68.21,0.0
2025-05-19,C003,Meta - Remarketing Vendas,Meta Ads,vendas,Mobile,Geral,61.99,8192,58,0.0071,2,285.52,1.07,31.0,4.61
2025-05-19,C004,Meta - Prospecção Vendas,Meta Ads,vendas,Mobile,Interesses,75.13,6242,53,0.0085,2,382.3,1.42,37.56,5.09
2025-05-19,C006,Meta - Lançamento Produto,Meta Ads,vendas,Desktop,Remarketing,125.2,10447,99,0.0095,4,921.75,1.26,31.3,7.36
2025-05-20,C001,Google Search - Marca,Google Ads,leads,Mobile,Lookalike,66.1,581,13,0.0224,1,0.0,5.08,66.1,0.0
2025-05-20,C002,Google Search - Genérico,Google Ads,leads,Mobile,Geral,72.11,562,13,0.0231,1,0.0,5.55,72.11,0.0
2025-05-20,C003,Meta - Remarketing Vendas,Meta Ads,vendas,Mobile,Lookalike,55.56,5719,39,0.0068,1,93.75,1.42,55.56,1.69
2025-05-20,C004,Meta - Prospecção Vendas,Meta Ads,vendas,Mobile,Geral,102.68,10429,111,0.0106,3,479.2,0.93,34.23,4.67
2025-05-20,C006,Meta - Lançamento Produto,Meta Ads,vendas,Desktop,Interesses,122.48,9490,98,0.0103,2,597.85,1.25,61.24,4.88
2025-05-21,C001,Google Search - Marca,Google Ads,leads,Mobile,Lookalike,83.13,719,16,0.0223,1,0.0,5.2,83.13,0.0
2025-05-21,C002,Google Search - Genérico,Google Ads,leads,Mobile,Interesses,67.5,1441,22,0.0153,2,0.0,3.07,33.75,0.0
2025-05-21,C003,Meta - Remarketing Vendas,Meta Ads,vendas,Mobile,Geral,53.15,8686,58,0.0067,1,160.18,0.92,53.15,3.01
2025-05-21,C004,Meta - Prospecção Vendas,Meta Ads,vendas,Desktop,Interesses,95.79,13251,96,0.0072,4,627.88,1.0,23.95,6.55
2025-05-21,C006,Meta - Lançamento Produto,Meta Ads,vendas,Mobile,Remarketing,121.15,8377,108,0.0129,3,514.2,1.12,40.38,4.24
2025-05-22,C001,Google Search - Marca,Google Ads,leads,Mobile,Remarketing,68.85,830,21,0.0253,2,0.0,3.28,34.42,0.0
2025-05-22,C002,Google Search - Genérico,Google Ads,leads,Tablet,Interesses,54.54,744,17,0.0228,1,0.0,3.21,54.54,0.0
2025-05-22,C003,Meta - Remarketing Vendas,Meta Ads,vendas,Desktop,Geral,59.33,7087,49,0.0069,1,194.75,1.21,59.33,3.28
2025-05-22,C004,Meta - Prospecção Vendas,Meta Ads,vendas,Mobile,Interesses,91.43,10232,106,0.0104,3,488.48,0.86,30.48,5.34
2025-05-22,C006,Meta - Lançamento Produto,Meta Ads,vendas,Mobile,Lookalike,89.47,11914,82,0.0069,3,551.22,1.09,29.82,6.16
2025-05-23,C001,Google Search - Marca,Google Ads,leads,Desktop,Remarketing,77.21,696,14,0.0201,1,0.0,5.52,77.21,0.0
2025-05-23,C002,Google Search - Genérico,Google Ads,leads,Desktop,Remarketing,73.63,620,15,0.0242,1,0.0,4.91,73.63,0.0
2025-05-23,C003,Meta - Remarketing Vendas,Meta Ads,vendas,Tablet,Geral,53.81,9965,76,0.0076,3,502.19,0.71,17.94,9.33
2025-05-23,C004,Meta - Prospecção Vendas,Meta Ads,vendas,Mobile,Lookalike,80.74,7863,72,0.0092,2,324.79,1.12,40.37,4.02
2025-05-23,C006,Meta - Lançamento Produto,Meta Ads,vendas,Mobile,Remarketing,129.71,12876,146,0.0113,4,1176.33,0.89,32.43,9.07
2025-05-24,C001,Google Search - Marca,Google Ads,leads,Tablet,Remarketing,55.73,857,17,0.0198,1,0.0,3.28,55.73,0.0
2025-05-24,C002,Google Search - Genérico,Google Ads,leads,Mobile,Busca ativa,60.54,602,11,0.0183,1,0.0,5.5,60.54,0.0
2025-05-24,C003,Meta - Remarketing Vendas,Meta Ads,vendas,Mobile,Remarketing,34.53,3827,28,0.0073,1,174.86,1.23,34.53,5.06
2025-05-24,C004,Meta - Prospecção Vendas,Meta Ads,vendas,Desktop,Remarketing,65.24,9480,50,0.0053,1,138.26,1.3,65.24,2.12
2025-05-24,C006,Meta - Lançamento Produto,Meta Ads,vendas,Mobile,Busca ativa,71.45,5467,53,0.0097,2,553.59,1.35,35.72,7.75
2025-05-25,C001,Google Search - Marca,Google Ads,leads,Mobile,Remarketing,62.05,679,14,0.0206,1,0.0,4.43,62.05,0.0
2025-05-25,C002,Google Search - Genérico,Google Ads,leads,Mobile,Busca ativa,55.69,536,12,0.0224,1,0.0,4.64,55.69,0.0
2025-05-25,C003,Meta - Remarketing Vendas,Meta Ads,vendas,Mobile,Interesses,47.57,4869,40,0.0082,1,214.47,1.19,47.57,4.51
2025-05-25,C004,Meta - Prospecção Vendas,Meta Ads,vendas,Mobile,Interesses,67.67,6877,58,0.0084,1,107.55,1.17,67.67,1.59
2025-05-25,C006,Meta - Lançamento Produto,Meta Ads,vendas,Mobile,Busca ativa,83.19,5143,58,0.0113,2,389.66,1.43,41.6,4.68
2025-05-26,C001,Google Search - Marca,Google Ads,leads,Desktop,Busca ativa,70.65,1120,18,0.0161,1,0.0,3.92,70.65,0.0
2025-05-26,C002,Google Search - Genérico,Google Ads,leads,Mobile,Lookalike,68.51,725,15,0.0207,1,0.0,4.57,68.51,0.0
2025-05-26,C003,Meta - Remarketing Vendas,Meta Ads,vendas,Mobile,Interesses,60.59,4895,35,0.0072,0,0.0,1.73,,0.0
2025-05-26,C004,Meta - Prospecção Vendas,Meta Ads,vendas,Desktop,Geral,65.52,7646,64,0.0084,3,536.47,1.02,21.84,8.19
2025-05-26,C006,Meta - Lançamento Produto,Meta Ads,vendas,Mobile,Busca ativa,121.2,12192,128,0.0105,4,855.73,0.95,30.3,7.06
2025-05-27,C001,Google Search - Marca,Google Ads,leads,Desktop,Geral,52.46,531,12,0.0226,1,0.0,4.37,52.46,0.0
2025-05-27,C002,Google Search - Genérico,Google Ads,leads,Mobile,Interesses,50.51,542,11,0.0203,1,0.0,4.59,50.51,0.0
2025-05-27,C003,Meta - Remarketing Vendas,Meta Ads,vendas,Desktop,Busca ativa,55.84,5273,44,0.0083,1,234.8,1.27,55.84,4.2
2025-05-27,C004,Meta - Prospecção Vendas,Meta Ads,vendas,Desktop,Lookalike,86.12,8498,60,0.0071,2,269.54,1.44,43.06,3.13
2025-05-27,C006,Meta - Lançamento Produto,Meta Ads,vendas,Desktop,Remarketing,88.35,7500,77,0.0103,2,570.31,1.15,44.18,6.46
2025-05-28,C001,Google Search - Marca,Google Ads,leads,Desktop,Lookalike,62.07,875,18,0.0206,1,0.0,3.45,62.07,0.0
2025-05-28,C002,Google Search - Genérico,Google Ads,leads,Mobile,Busca ativa,80.85,637,17,0.0267,0,0.0,4.76,,0.0
2025-05-28,C003,Meta - Remarketing Vendas,Meta Ads,vendas,Mobile,Interesses,62.69,5982,49,0.0082,1,152.93,1.28,62.69,2.44
2025-05-28,C004,Meta - Prospecção Vendas,Meta Ads,vendas,Desktop,Remarketing,94.72,9173,75,0.0082,3,384.41,1.26,31.57,4.06
2025-05-28,C006,Meta - Lançamento Produto,Meta Ads,vendas,Mobile,Remarketing,135.32,16203,161,0.0099,5,809.93,0.84,27.06,5.99
2025-05-29,C001,Google Search - Marca,Google Ads,leads,Mobile,Geral,82.18,1200,19,0.0158,1,0.0,4.33,82.18,0.0
2025-05-29,C002,Google Search - Genérico,Google Ads,leads,Desktop,Busca ativa,72.42,700,13,0.0186,1,0.0,5.57,72.42,0.0
2025-05-29,C003,Meta - Remarketing Vendas,Meta Ads,vendas,Mobile,Busca ativa,56.62,7029,46,0.0065,1,244.62,1.23,56.62,4.32
2025-05-29,C004,Meta - Prospecção Vendas,Meta Ads,vendas,Tablet,Remarketing,98.05,10005,90,0.009,3,681.95,1.09,32.68,6.96
2025-05-29,C006,Meta - Lançamento Produto,Meta Ads,vendas,Desktop,Interesses,88.25,5660,65,0.0115,2,225.46,1.36,44.12,2.55
2025-05-30,C001,Google Search - Marca,Google Ads,leads,Desktop,Remarketing,63.98,782,14,0.0179,1,0.0,4.57,63.98,0.0
2025-05-30,C002,Google Search - Genérico,Google Ads,leads,Desktop,Remarketing,71.25,782,13,0.0166,1,0.0,5.48,71.25,0.0
2025-05-30,C003,Meta - Remarketing Vendas,Meta Ads,vendas,Mobile,Busca ativa,37.16,3536,32,0.009,1,98.98,1.16,37.16,2.66
2025-05-30,C004,Meta - Prospecção Vendas,Meta Ads,vendas,Desktop,Geral,114.64,6251,59,0.0094,2,352.8,1.94,57.32,3.08
2025-05-30,C006,Meta - Lançamento Produto,Meta Ads,vendas,Mobile,Geral,105.41,16216,190,0.0117,6,1001.99,0.55,17.57,9.51
2025-05-31,C001,Google Search - Marca,Google Ads,leads,Mobile,Busca ativa,49.06,499,10,0.02,0,0.0,4.91,,0.0
2025-05-31,C002,Google Search - Genérico,Google Ads,leads,Mobile,Geral,49.51,661,16,0.0242,0,0.0,3.09,,0.0
2025-05-31,C003,Meta - Remarketing Vendas,Meta Ads,vendas,Mobile,Remarketing,36.72,3996,33,0.0083,1,231.67,1.11,36.72,6.31
2025-05-31,C004,Meta - Prospecção Vendas,Meta Ads,vendas,Tablet,Interesses,70.03,6120,52,0.0085,2,381.56,1.35,35.02,5.45
2025-05-31,C006,Meta - Lançamento Produto,Meta Ads,vendas,Mobile,Remarketing,70.35,6558,68,0.0104,3,885.71,1.03,23.45,12.59
2025-06-01,C001,Google Search - Marca,Google Ads,leads,Mobile,Remarketing,42.86,1232,17,0.0138,1,0.0,2.52,42.86,0.0
2025-06-01,C003,Meta - Remarketing Vendas,Meta Ads,vendas,Mobile,Lookalike,38.06,4504,31,0.0069,1,141.06,1.23,38.06,3.71
2025-06-01,C004,Meta - Prospecção Vendas,Meta Ads,vendas,Desktop,Interesses,74.71,7081,72,0.0102,3,269.3,1.04,24.9,3.6
2025-06-01,C006,Meta - Lançamento Produto,Meta Ads,vendas,Mobile,Interesses,87.11,9022,97,0.0108,2,453.44,0.9,43.56,5.21
2025-06-02,C001,Google Search - Marca,Google Ads,leads,Mobile,Interesses,67.66,1052,12,0.0114,1,0.0,5.64,67.66,0.0
2025-06-02,C003,Meta - Remarketing Vendas,Meta Ads,vendas,Desktop,Interesses,53.03,5360,40,0.0075,1,215.44,1.33,53.03,4.06
2025-06-02,C004,Meta - Prospecção Vendas,Meta Ads,vendas,Desktop,Busca ativa,115.17,8980,81,0.009,3,457.22,1.42,38.39,3.97
2025-06-02,C006,Meta - Lançamento Produto,Meta Ads,vendas,Desktop,Busca ativa,111.08,17093,90,0.0053,3,731.14,1.23,37.03,6.58
2025-06-03,C001,Google Search - Marca,Google Ads,leads,Mobile,Remarketing,64.68,1037,17,0.0164,1,0.0,3.8,64.68,0.0
2025-06-03,C003,Meta - Remarketing Vendas,Meta Ads,vendas,Mobile,Lookalike,44.43,4278,39,0.0091,1,202.49,1.14,44.43,4.56
2025-06-03,C004,Meta - Prospecção Vendas,Meta Ads,vendas,Mobile,Interesses,100.05,9684,83,0.0086,1,135.09,1.21,100.05,1.35
2025-06-03,C006,Meta - Lançamento Produto,Meta Ads,vendas,Desktop,Geral,109.76,7667,93,0.0121,3,698.93,1.18,36.59,6.37
2025-06-04,C001,Google Search - Marca,Google Ads,leads,Desktop,Geral,87.2,867,21,0.0242,1,0.0,4.15,87.2,0.0
2025-06-04,C003,Meta - Remarketing Vendas,Meta Ads,vendas,Mobile,Geral,44.35,8553,63,0.0074,2,171.07,0.7,22.18,3.86
2025-06-04,C004,Meta - Prospecção Vendas,Meta Ads,vendas,Mobile,Interesses,101.24,10707,77,0.0072,1,136.94,1.31,101.24,1.35
2025-06-04,C006,Meta - Lançamento Produto,Meta Ads,vendas,Mobile,Lookalike,108.11,17887,110,0.0061,3,749.85,0.98,36.04,6.94
2025-06-05,C001,Google Search - Marca,Google Ads,leads,Mobile,Geral,69.52,506,14,0.0277,1,0.0,4.97,69.52,0.0
2025-06-05,C003,Meta - Remarketing Vendas,Meta Ads,vendas,Mobile,Interesses,57.06,5071,37,0.0073,1,239.77,1.54,57.06,4.2
2025-06-05,C004,Meta - Prospecção Vendas,Meta Ads,vendas,Mobile,Lookalike,132.96,14409,96,0.0067,3,478.87,1.38,44.32,3.6
2025-06-05,C006,Meta - Lançamento Produto,Meta Ads,vendas,Mobile,Busca ativa,104.56,7474,69,0.0092,2,473.12,1.52,52.28,4.52
2025-06-06,C001,Google Search - Marca,Google Ads,leads,Mobile,Lookalike,77.96,1101,19,0.0173,1,0.0,4.1,77.96,0.0
2025-06-06,C003,Meta - Remarketing Vendas,Meta Ads,vendas,Mobile,Geral,39.91,4358,32,0.0073,1,201.12,1.25,39.91,5.04
2025-06-06,C004,Meta - Prospecção Vendas,Meta Ads,vendas,Mobile,Interesses,92.32,8403,76,0.009,3,359.36,1.21,30.77,3.89
2025-06-06,C006,Meta - Lançamento Produto,Meta Ads,vendas,Mobile,Remarketing,75.96,6452,70,0.0108,3,667.81,1.09,25.32,8.79
2025-06-07,C001,Google Search - Marca,Google Ads,leads,Tablet,Lookalike,51.11,559,11,0.0197,0,0.0,4.65,,0.0
2025-06-07,C003,Meta - Remarketing Vendas,Meta Ads,vendas,Mobile,Lookalike,37.83,3409,24,0.007,1,197.16,1.58,37.83,5.21
2025-06-07,C004,Meta - Prospecção Vendas,Meta Ads,vendas,Mobile,Interesses,48.13,5893,46,0.0078,1,156.21,1.05,48.13,3.25
2025-06-07,C006,Meta - Lançamento Produto,Meta Ads,vendas,Mobile,Lookalike,80.68,5352,58,0.0108,2,454.68,1.39,40.34,5.64
2025-06-08,C001,Google Search - Marca,Google Ads,leads,Mobile,Interesses,43.49,767,14,0.0183,1,0.0,3.11,43.49,0.0
2025-06-08,C003,Meta - Remarketing Vendas,Meta Ads,vendas,Mobile,Interesses,40.69,4653,27,0.0058,1,176.09,1.51,40.69,4.33
2025-06-08,C004,Meta - Prospecção Vendas,Meta Ads,vendas,Mobile,Interesses,84.25,9502,86,0.0091,2,302.25,0.98,42.12,3.59
2025-06-08,C006,Meta - Lançamento Produto,Meta Ads,vendas,Mobile,Busca ativa,98.2,7384,71,0.0096,2,478.53,1.38,49.1,4.87
2025-06-09,C001,Google Search - Marca,Google Ads,leads,Mobile,Lookalike,54.36,778,13,0.0167,1,0.0,4.18,54.36,0.0
2025-06-09,C003,Meta - Remarketing Vendas,Meta Ads,vendas,Desktop,Remarketing,48.3,4953,34,0.0069,1,193.92,1.42,48.3,4.01
2025-06-09,C004,Meta - Prospecção Vendas,Meta Ads,vendas,Mobile,Busca ativa,114.63,11512,93,0.0081,2,189.21,1.23,57.32,1.65
2025-06-09,C006,Meta - Lançamento Produto,Meta Ads,vendas,Mobile,Lookalike,85.9,7226,57,0.0079,2,430.25,1.51,42.95,5.01
2025-06-10,C001,Google Search - Marca,Google Ads,leads,Mobile,Lookalike,57.87,599,11,0.0184,0,0.0,5.26,,0.0
2025-06-10,C003,Meta - Remarketing Vendas,Meta Ads,vendas,Desktop,Geral,59.29,6028,45,0.0075,1,142.98,1.32,59.29,2.41
2025-06-10,C004,Meta - Prospecção Vendas,Meta Ads,vendas,Mobile,Remarketing,100.35,9234,74,0.008,2,279.14,1.36,50.18,2.78
2025-06-10,C006,Meta - Lançamento Produto,Meta Ads,vendas,Desktop,Lookalike,95.79,10579,92,0.0087,4,249.41,1.04,23.95,2.6
2025-06-11,C001,Google Search - Marca,Google Ads,leads,Tablet,Lookalike,66.09,832,15,0.018,1,0.0,4.41,66.09,0.0
2025-06-11,C003,Meta - Remarketing Vendas,Meta Ads,vendas,Mobile,Geral,46.34,8126,63,0.0078,2,487.02,0.74,23.17,10.51
2025-06-11,C004,Meta - Prospecção Vendas,Meta Ads,vendas,Desktop,Remarketing,116.56,9476,71,0.0075,2,331.96,1.64,58.28,2.85
2025-06-11,C006,Meta - Lançamento Produto,Meta Ads,vendas,Mobile,Busca ativa,111.62,12680,119,0.0094,4,1017.69,0.94,27.9,9.12
2025-06-12,C001,Google Search - Marca,Google Ads,leads,Mobile,Lookalike,57.16,1130,17,0.015,1,0.0,3.36,57.16,0.0
2025-06-12,C003,Meta - Remarketing Vendas,Meta Ads,vendas,Mobile,Lookalike,51.89,9334,53,0.0057,2,434.45,0.98,25.94,8.37
2025-06-12,C004,Meta - Prospecção Vendas,Meta Ads,vendas,Mobile,Busca ativa,85.83,11500,80,0.007,1,120.16,1.07,85.83,1.4
2025-06-12,C006,Meta - Lançamento Produto,Meta Ads,vendas,Mobile,Lookalike,108.88,9697,102,0.0105,3,467.25,1.07,36.29,4.29
2025-06-13,C001,Google Search - Marca,Google Ads,leads,Mobile,Interesses,43.03,958,15,0.0157,1,0.0,2.87,43.03,0.0
2025-06-13,C003,Meta - Remarketing Vendas,Meta Ads,vendas,Mobile,Lookalike,32.83,3811,23,0.006,1,96.44,1.43,32.83,2.94
2025-06-13,C004,Meta - Prospecção Vendas,Meta Ads,vendas,Desktop,Remarketing,122.28,12751,91,0.0071,3,240.95,1.34,40.76,1.97
2025-06-13,C006,Meta - Lançamento Produto,Meta Ads,vendas,Desktop,Geral,89.42,9886,97,0.0098,2,89.92,0.92,44.71,1.01
2025-06-14,C001,Google Search - Marca,Google Ads,leads,Desktop,Busca ativa,52.21,583,12,0.0206,1,0.0,4.35,52.21,0.0
2025-06-14,C003,Meta - Remarketing Vendas,Meta Ads,vendas,Desktop,Interesses,37.18,4490,37,0.0082,1,149.26,1.0,37.18,4.01
2025-06-14,C004,Meta - Prospecção Vendas,Meta Ads,vendas,Desktop,Geral,95.23,9772,93,0.0095,2,206.43,1.02,47.62,2.17
2025-06-14,C006,Meta - Lançamento Produto,Meta Ads,vendas,Mobile,Geral,72.35,6019,69,0.0115,2,512.5,1.05,36.17,7.08
2025-06-15,C001,Google Search - Marca,Google Ads,leads,Mobile,Lookalike,40.18,446,8,0.0179,0,0.0,5.02,,0.0
2025-06-15,C003,Meta - Remarketing Vendas,Meta Ads,vendas,Desktop,Remarketing,33.47,4835,31,0.0064,1,245.98,1.08,33.47,7.35
2025-06-15,C004,Meta - Prospecção Vendas,Meta Ads,vendas,Mobile,Interesses,106.45,9958,81,0.0081,1,74.16,1.31,106.45,0.7
2025-06-15,C006,Meta - Lançamento Produto,Meta Ads,vendas,Mobile,Interesses,68.5,7045,58,0.0082,2,395.19,1.18,34.25,5.77
2025-06-16,C001,Google Search - Marca,Google Ads,leads,Mobile,Remarketing,63.51,589,10,0.017,0,0.0,6.35,,0.0
2025-06-16,C003,Meta - Remarketing Vendas,Meta Ads,vendas,Desktop,Lookalike,43.63,6951,45,0.0065,1,231.31,0.97,43.63,5.3
2025-06-16,C004,Meta - Prospecção Vendas,Meta Ads,vendas,Mobile,Geral,95.01,9410,78,0.0083,3,465.37,1.22,31.67,4.9
2025-06-16,C006,Meta - Lançamento Produto,Meta Ads,vendas,Mobile,Geral,120.71,10762,93,0.0086,3,616.8,1.3,40.24,5.11
2025-06-17,C001,Google Search - Marca,Google Ads,leads,Desktop,Geral,62.59,687,13,0.0189,1,0.0,4.81,62.59,0.0
2025-06-17,C003,Meta - Remarketing Vendas,Meta Ads,vendas,Desktop,Busca ativa,47.29,5185,32,0.0062,1,209.89,1.48,47.29,4.44
2025-06-17,C004,Meta - Prospecção Vendas,Meta Ads,vendas,Desktop,Busca ativa,114.4,10418,98,0.0094,2,511.08,1.17,57.2,4.47
2025-06-17,C006,Meta - Lançamento Produto,Meta Ads,vendas,Mobile,Remarketing,95.96,14180,99,0.007,3,719.3,0.97,31.99,7.5
2025-06-18,C001,Google Search - Marca,Google Ads,leads,Mobile,Lookalike,83.42,747,14,0.0187,1,0.0,5.96,83.42,0.0
2025-06-18,C003,Meta - Remarketing Vendas,Meta Ads,vendas,Mobile,Interesses,42.16,7957,44,0.0055,2,345.92,0.96,21.08,8.2
2025-06-18,C004,Meta - Prospecção Vendas,Meta Ads,vendas,Desktop,Busca ativa,123.58,8300,75,0.009,1,202.63,1.65,123.58,1.64
2025-06-18,C006,Meta - Lançamento Produto,Meta Ads,vendas,Mobile,Busca ativa,146.94,9463,104,0.011,4,1229.1,1.41,36.74,8.36
2025-06-19,C001,Google Search - Marca,Google Ads,leads,Mobile,Remarketing,62.34,887,14,0.0158,1,0.0,4.45,62.34,0.0
2025-06-19,C003,Meta - Remarketing Vendas,Meta Ads,vendas,Desktop,Geral,39.33,3553,31,0.0087,1,94.6,1.27,39.33,2.41
2025-06-19,C004,Meta - Prospecção Vendas,Meta Ads,vendas,Mobile,Busca ativa,116.62,15102,131,0.0087,3,461.27,0.89,38.87,3.96
2025-06-19,C006,Meta - Lançamento Produto,Meta Ads,vendas,Tablet,Busca ativa,105.85,9776,97,0.0099,3,673.39,1.09,35.28,6.36
2025-06-20,C001,Google Search - Marca,Google Ads,leads,Mobile,Remarketing,70.45,846,14,0.0165,1,0.0,5.03,70.45,0.0
2025-06-20,C003,Meta - Remarketing Vendas,Meta Ads,vendas,Desktop,Lookalike,42.41,6023,40,0.0066,1,171.9,1.06,42.41,4.05
2025-06-20,C004,Meta - Prospecção Vendas,Meta Ads,vendas,Mobile,Geral,149.09,15221,123,0.0081,3,574.43,1.21,49.7,3.85
2025-06-20,C006,Meta - Lançamento Produto,Meta Ads,vendas,Desktop,Interesses,114.64,10466,82,0.0078,2,589.48,1.4,57.32,5.14
2025-06-21,C001,Google Search - Marca,Google Ads,leads,Mobile,Geral,64.27,617,11,0.0178,1,0.0,5.84,64.27,0.0
2025-06-21,C003,Meta - Remarketing Vendas,Meta Ads,vendas,Mobile,Remarketing,27.06,4321,26,0.006,1,160.98,1.04,27.06,5.95
2025-06-21,C004,Meta - Prospecção Vendas,Meta Ads,vendas,Mobile,Busca ativa,80.79,7645,56,0.0073,2,181.4,1.44,40.4,2.25
2025-06-21,C006,Meta - Lançamento Produto,Meta Ads,vendas,Mobile,Interesses,74.42,8746,71,0.0081,1,131.23,1.05,74.42,1.76
2025-06-22,C001,Google Search - Marca,Google Ads,leads,Mobile,Geral,54.5,522,10,0.0192,1,0.0,5.45,54.5,0.0
2025-06-22,C003,Meta - Remarketing Vendas,Meta Ads,vendas,Mobile,Lookalike,30.58,4569,26,0.0057,1,244.62,1.18,30.58,8.0
2025-06-22,C004,Meta - Prospecção Vendas,Meta Ads,vendas,Desktop,Busca ativa,95.57,8953,62,0.0069,2,229.26,1.54,47.78,2.4
2025-06-22,C006,Meta - Lançamento Produto,Meta Ads,vendas,Mobile,Lookalike,75.48,5399,51,0.0094,2,341.97,1.48,37.74,4.53
2025-06-23,C001,Google Search - Marca,Google Ads,leads,Tablet,Busca ativa,87.76,1129,18,0.0159,1,0.0,4.88,87.76,0.0
2025-06-23,C003,Meta - Remarketing Vendas,Meta Ads,vendas,Mobile,Lookalike,45.64,6042,40,0.0066,2,405.78,1.14,22.82,8.89
2025-06-23,C004,Meta - Prospecção Vendas,Meta Ads,vendas,Mobile,Geral,128.23,16873,105,0.0062,2,196.41,1.22,64.11,1.53
2025-06-23,C006,Meta - Lançamento Produto,Meta Ads,vendas,Mobile,Geral,123.53,10028,105,0.0105,3,754.87,1.18,41.18,6.11
2025-06-24,C001,Google Search - Marca,Google Ads,leads,Desktop,Busca ativa,79.43,5240,65,0.0124,4,0.0,1.22,19.86,0.0
2025-06-24,C003,Meta - Remarketing Vendas,Meta Ads,vendas,Mobile,Geral,50.49,6135,44,0.0072,1,113.15,1.15,50.49,2.24
2025-06-24,C004,Meta - Prospecção Vendas,Meta Ads,vendas,Mobile,Geral,138.23,19506,186,0.0095,7,644.36,0.74,19.75,4.66
2025-06-24,C006,Meta - Lançamento Produto,Meta Ads,vendas,Mobile,Geral,82.04,6531,65,0.01,2,464.33,1.26,41.02,5.66
2025-06-25,C001,Google Search - Marca,Google Ads,leads,Desktop,Lookalike,67.79,778,12,0.0154,1,0.0,5.65,67.79,0.0
2025-06-25,C003,Meta - Remarketing Vendas,Meta Ads,vendas,Desktop,Remarketing,31.47,3783,28,0.0074,0,0.0,1.12,,0.0
2025-06-25,C004,Meta - Prospecção Vendas,Meta Ads,vendas,Mobile,Interesses,133.38,15904,100,0.0063,3,209.53,1.33,44.46,1.57
2025-06-25,C006,Meta - Lançamento Produto,Meta Ads,vendas,Desktop,Remarketing,123.27,11603,95,0.0082,4,654.6,1.3,30.82,5.31
2025-06-26,C001,Google Search - Marca,Google Ads,leads,Mobile,Busca ativa,81.39,831,14,0.0168,1,0.0,5.81,81.39,0.0
2025-06-26,C003,Meta - Remarketing Vendas,Meta Ads,vendas,Mobile,Remarketing,42.46,5092,38,0.0075,1,202.29,1.12,42.46,4.76
2025-06-26,C004,Meta - Prospecção Vendas,Meta Ads,vendas,Desktop,Busca ativa,114.58,12009,106,0.0088,4,796.51,1.08,28.64,6.95
2025-06-26,C006,Meta - Lançamento Produto,Meta Ads,vendas,Mobile,Geral,143.28,12106,102,0.0084,3,654.38,1.4,47.76,4.57
2025-06-27,C001,Google Search - Marca,Google Ads,leads,Mobile,Remarketing,61.64,960,14,0.0146,1,0.0,4.4,61.64,0.0
2025-06-27,C003,Meta - Remarketing Vendas,Meta Ads,vendas,Desktop,Interesses,45.59,6647,46,0.0069,1,217.59,0.99,45.59,4.77
2025-06-27,C004,Meta - Prospecção Vendas,Meta Ads,vendas,Mobile,Geral,132.38,11910,96,0.0081,3,423.31,1.38,44.13,3.2
2025-06-27,C006,Meta - Lançamento Produto,Meta Ads,vendas,Mobile,Remarketing,115.37,11308,104,0.0092,4,772.48,1.11,28.84,6.7
2025-06-28,C001,Google Search - Marca,Google Ads,leads,Mobile,Interesses,56.26,771,13,0.0169,1,0.0,4.33,56.26,0.0
2025-06-28,C003,Meta - Remarketing Vendas,Meta Ads,vendas,Desktop,Interesses,31.59,6898,24,0.0035,1,174.9,1.32,31.59,5.54
2025-06-28,C004,Meta - Prospecção Vendas,Meta Ads,vendas,Mobile,Interesses,81.51,6927,65,0.0094,2,375.26,1.25,40.76,4.6
2025-06-28,C006,Meta - Lançamento Produto,Meta Ads,vendas,Desktop,Remarketing,92.42,9507,82,0.0086,2,655.39,1.13,46.21,7.09
2025-06-29,C001,Google Search - Marca,Google Ads,leads,Tablet,Busca ativa,69.21,1332,17,0.0128,1,0.0,4.07,69.21,0.0
2025-06-29,C003,Meta - Remarketing Vendas,Meta Ads,vendas,Mobile,Interesses,36.09,6171,31,0.005,1,183.04,1.16,36.09,5.07
2025-06-29,C004,Meta - Prospecção Vendas,Meta Ads,vendas,Desktop,Geral,81.8,8244,61,0.0074,2,347.69,1.34,40.9,4.25
2025-06-29,C006,Meta - Lançamento Produto,Meta Ads,vendas,Mobile,Geral,89.01,8815,88,0.01,3,622.48,1.01,29.67,6.99
2025-06-30,C001,Google Search - Marca,Google Ads,leads,Mobile,Geral,61.63,727,13,0.0179,1,0.0,4.74,61.63,0.0
2025-06-30,C003,Meta - Remarketing Vendas,Meta Ads,vendas,Desktop,Remarketing,50.61,8734,54,0.0062,2,203.88,0.94,25.3,4.03
2025-06-30,C004,Meta - Prospecção Vendas,Meta Ads,vendas,Desktop,Lookalike,140.23,14833,121,0.0082,4,444.51,1.16,35.06,3.17
2025-06-30,C006,Meta - Lançamento Produto,Meta Ads,vendas,Desktop,Geral,117.98,11551,100,0.0087,3,669.76,1.18,39.33,5.68
